PRAGMA defer_foreign_keys=TRUE;
CREATE TABLE notifications (
  id TEXT PRIMARY KEY,
  user_id TEXT NOT NULL REFERENCES users(id) ON DELETE CASCADE,
  type TEXT NOT NULL,
  title TEXT NOT NULL,
  body TEXT,
  link TEXT,
  read INTEGER NOT NULL DEFAULT 0,
  created_at INTEGER NOT NULL DEFAULT (unixepoch())
);
INSERT INTO "notifications" ("id","user_id","type","title","body","link","read","created_at") VALUES('i7vrRwNWBCKsJ0s3J1skI','mifi8w89e7x7auir4j8kyld7','ticket','New ticket from บริษัท ดู แอคชั่น จำกัด','ทดสอบ','/admin/tickets',1,1774518709);
INSERT INTO "notifications" ("id","user_id","type","title","body","link","read","created_at") VALUES('QoQujSW2KgE8hHLjQBgw9','1HujYTjuPYBNoWgyxe4zz','ticket_reply','มีข้อความใหม่ใน: ทดสอบ','ทดเหมือนกันจ้า','/tickets/AQf4RKH6TyrEktiVlBMQG',1,1774521870);
INSERT INTO "notifications" ("id","user_id","type","title","body","link","read","created_at") VALUES('XYdEnZvHrFb8akkyKAUvx','1HujYTjuPYBNoWgyxe4zz','ticket_update','Ticket อัปเดต: ทดสอบ','สถานะเปลี่ยนเป็น รอข้อมูล','/tickets/AQf4RKH6TyrEktiVlBMQG',1,1774525025);
INSERT INTO "notifications" ("id","user_id","type","title","body","link","read","created_at") VALUES('3mPB4YvhN8T8pewA6ivkH','1HujYTjuPYBNoWgyxe4zz','ticket_update','Ticket อัปเดต: ทดสอบ','สถานะเปลี่ยนเป็น เสร็จสิ้น','/tickets/AQf4RKH6TyrEktiVlBMQG',1,1774525029);
INSERT INTO "notifications" ("id","user_id","type","title","body","link","read","created_at") VALUES('JV1jtcPSveSJuGvroTDso','1HujYTjuPYBNoWgyxe4zz','ticket_update','Ticket อัปเดต: ทดสอบ','สถานะเปลี่ยนเป็น รอข้อมูล','/tickets/AQf4RKH6TyrEktiVlBMQG',1,1774525030);
INSERT INTO "notifications" ("id","user_id","type","title","body","link","read","created_at") VALUES('4H0IoSosz94GHMealW5cF','1HujYTjuPYBNoWgyxe4zz','ticket_update','Ticket อัปเดต: ทดสอบ','สถานะเปลี่ยนเป็น ปิด','/tickets/AQf4RKH6TyrEktiVlBMQG',1,1774525032);
INSERT INTO "notifications" ("id","user_id","type","title","body","link","read","created_at") VALUES('huM0JY9XxiyeYfaMl7mgi','1HujYTjuPYBNoWgyxe4zz','ticket_update','Ticket อัปเดต: ทดสอบ','สถานะเปลี่ยนเป็น รอข้อมูล','/tickets/AQf4RKH6TyrEktiVlBMQG',1,1774525033);
INSERT INTO "notifications" ("id","user_id","type","title","body","link","read","created_at") VALUES('E4CFZdoqIAoK8TC7E0muL','1HujYTjuPYBNoWgyxe4zz','ticket_update','Ticket อัปเดต: ทดสอบ','สถานะเปลี่ยนเป็น เสร็จสิ้น','/tickets/AQf4RKH6TyrEktiVlBMQG',1,1774631027);
INSERT INTO "notifications" ("id","user_id","type","title","body","link","read","created_at") VALUES('TU9WhFbjlNXvLvoueK16O','1HujYTjuPYBNoWgyxe4zz','ticket_update','Ticket อัปเดต: ทดสอบ','สถานะเปลี่ยนเป็น ปิด','/tickets/AQf4RKH6TyrEktiVlBMQG',1,1774631029);
INSERT INTO "notifications" ("id","user_id","type","title","body","link","read","created_at") VALUES('nwEgqVriTptgmPDNbDnaA','1HujYTjuPYBNoWgyxe4zz','ticket_update','Ticket อัปเดต: ทดสอบ','สถานะเปลี่ยนเป็น เปิด','/tickets/AQf4RKH6TyrEktiVlBMQG',1,1774631032);
INSERT INTO "notifications" ("id","user_id","type","title","body","link","read","created_at") VALUES('VS5oMd4SWazgSTOKx3ZnJ','1HujYTjuPYBNoWgyxe4zz','report_published','รายงานประจำเดือน มีนาคม 2569 พร้อมแล้ว','ทีม DoAction ได้เผยแพร่รายงานสรุปงานสำหรับเดือนนี้แล้ว','/reports/PcJxNtC6yLg9WtLNvToVf',1,1774773156);
INSERT INTO "notifications" ("id","user_id","type","title","body","link","read","created_at") VALUES('zIbTjPm2AGo6iiTRHcPar','1HujYTjuPYBNoWgyxe4zz','ticket_reply','มีข้อความใหม่ใน: ทดสอบ','ทดสอบจ้า','/tickets/AQf4RKH6TyrEktiVlBMQG',1,1774971347);
INSERT INTO "notifications" ("id","user_id","type","title","body","link","read","created_at") VALUES('BdHoLvuyBk4dF4ENXRuh1','mifi8w89e7x7auir4j8kyld7','ticket_reply_from_client','ลูกค้าตอบกลับ Ticket: ทดสอบ','ทดสอบๆๆๆ','/admin/tickets/AQf4RKH6TyrEktiVlBMQG',1,1774972823);
INSERT INTO "notifications" ("id","user_id","type","title","body","link","read","created_at") VALUES('ymwGxEPYn4tl6FobwVSkc','1HujYTjuPYBNoWgyxe4zz','ticket_reply','มีข้อความใหม่ใน: ทดสอบ','มาแล้วครับ','/tickets/AQf4RKH6TyrEktiVlBMQG',1,1775043276);
INSERT INTO "notifications" ("id","user_id","type","title","body","link","read","created_at") VALUES('EbVpgTAcQXi4hHbQGqfLz','oB0NEtJfsYIURDk7Nehmt','report_published','รายงานประจำเดือน เมษายน 2569 พร้อมแล้ว','ทีม do action ได้เผยแพร่รายงานสรุปงานสำหรับเดือนนี้แล้ว','/reports/WrW68EqW0gJWb27xmBX2H',1,1775136895);
INSERT INTO "notifications" ("id","user_id","type","title","body","link","read","created_at") VALUES('fCKcwNDS7yQ5hTT6mQlTl','JcEQubZpm4Ojb3H6sId8N','report_published','รายงานประจำเดือน เมษายน 2569 พร้อมแล้ว','ทีม do action ได้เผยแพร่รายงานสรุปงานสำหรับเดือนนี้แล้ว','/reports/qkQRPHPW1AXOri2vLOGrM',0,1775140847);
INSERT INTO "notifications" ("id","user_id","type","title","body","link","read","created_at") VALUES('syU2x2d2pD6dXEWWya5ND','1HujYTjuPYBNoWgyxe4zz','ticket_update','Ticket อัปเดต: ทดสอบ','สถานะเปลี่ยนเป็น ปิด','/tickets/AQf4RKH6TyrEktiVlBMQG',0,1775141384);
INSERT INTO "notifications" ("id","user_id","type","title","body","link","read","created_at") VALUES('G2JJ9SEAcPKpFF4iUZm8K','eJvBarNGtP2hPZJWMDVHq','report_published','รายงานประจำเดือน เมษายน 2569 พร้อมแล้ว','ทีม do action ได้เผยแพร่รายงานสรุปงานสำหรับเดือนนี้แล้ว','/reports/G8JxurxwYMaUpdCKUwnRv',0,1775186914);
CREATE TABLE ticket_messages (
  id TEXT PRIMARY KEY,
  ticket_id TEXT NOT NULL REFERENCES support_tickets(id) ON DELETE CASCADE,
  user_id TEXT NOT NULL REFERENCES users(id),
  message TEXT NOT NULL,
  is_internal INTEGER NOT NULL DEFAULT 0,
  created_at INTEGER NOT NULL DEFAULT (unixepoch())
);
INSERT INTO "ticket_messages" ("id","ticket_id","user_id","message","is_internal","created_at") VALUES('q7J0RVtsHzOJhzdUr6MTE','AQf4RKH6TyrEktiVlBMQG','mifi8w89e7x7auir4j8kyld7','ทดเหมือนกันจ้า',0,1774521869);
INSERT INTO "ticket_messages" ("id","ticket_id","user_id","message","is_internal","created_at") VALUES('f4OgDjjKBl7TCalMb8jBs','AQf4RKH6TyrEktiVlBMQG','mifi8w89e7x7auir4j8kyld7','ทดสอบๆๆ',1,1774969648);
INSERT INTO "ticket_messages" ("id","ticket_id","user_id","message","is_internal","created_at") VALUES('Ml985h7FojUUHN50ijyxp','AQf4RKH6TyrEktiVlBMQG','mifi8w89e7x7auir4j8kyld7','ทดสอบจ้า',0,1774971346);
INSERT INTO "ticket_messages" ("id","ticket_id","user_id","message","is_internal","created_at") VALUES('qEWtwJy3o9YNSStT8Lb77','AQf4RKH6TyrEktiVlBMQG','1HujYTjuPYBNoWgyxe4zz','ทดสอบๆๆๆ',0,1774972822);
INSERT INTO "ticket_messages" ("id","ticket_id","user_id","message","is_internal","created_at") VALUES('6dUNOWqZ1sjyKpOob8D2u','AQf4RKH6TyrEktiVlBMQG','mifi8w89e7x7auir4j8kyld7','มาแล้วครับ',0,1775043276);
CREATE TABLE support_tickets (
  id TEXT PRIMARY KEY,
  client_id TEXT NOT NULL REFERENCES clients(id) ON DELETE CASCADE,
  title TEXT NOT NULL,
  description TEXT NOT NULL,
  priority TEXT NOT NULL CHECK(priority IN ('low', 'medium', 'high', 'urgent')) DEFAULT 'medium',
  status TEXT NOT NULL CHECK(status IN ('open', 'in_progress', 'waiting', 'resolved', 'closed')) DEFAULT 'open',
  created_by TEXT NOT NULL REFERENCES users(id),
  assigned_to TEXT REFERENCES users(id),
  resolved_at INTEGER,
  created_at INTEGER NOT NULL DEFAULT (unixepoch()),
  updated_at INTEGER NOT NULL DEFAULT (unixepoch())
);
INSERT INTO "support_tickets" ("id","client_id","title","description","priority","status","created_by","assigned_to","resolved_at","created_at","updated_at") VALUES('AQf4RKH6TyrEktiVlBMQG','E7SCPxIznNrjuLiIuzsOE','ทดสอบ','ทดสอบๆๆๆ ทดสอบจ้าๆๆๆ','medium','closed','1HujYTjuPYBNoWgyxe4zz',NULL,NULL,1774518709,1775141384);
CREATE TABLE report_tasks (
  id TEXT PRIMARY KEY,
  report_id TEXT NOT NULL REFERENCES monthly_reports(id) ON DELETE CASCADE,
  category TEXT NOT NULL CHECK(category IN ('maintenance', 'development', 'security', 'seo', 'performance', 'other')),
  title TEXT NOT NULL,
  description TEXT,
  completed INTEGER NOT NULL DEFAULT 1,
  sort_order INTEGER DEFAULT 0
);
INSERT INTO "report_tasks" ("id","report_id","category","title","description","completed","sort_order") VALUES('YeYu7l0pdNg3Q61XXSGDq','PcJxNtC6yLg9WtLNvToVf','maintenance','อัพเดทธีม','อัพเดทธีมให้เป็นเวอร์ชันล่าสุด',1,0);
INSERT INTO "report_tasks" ("id","report_id","category","title","description","completed","sort_order") VALUES('P1ZN9cp4UZMAcpBIqdspZ','PcJxNtC6yLg9WtLNvToVf','maintenance','ตรวจสอบการทำงานปกติของเว็บไซต์','ตรวจสอบหน้าหลัก ฟอร์ม และระบบต่างๆ',1,1);
INSERT INTO "report_tasks" ("id","report_id","category","title","description","completed","sort_order") VALUES('CYUAmFH1coq4vnOBMd6Ax','PcJxNtC6yLg9WtLNvToVf','maintenance','Backup website','สำรองข้อมูลเว็บไซต์และฐานข้อมูล',1,2);
INSERT INTO "report_tasks" ("id","report_id","category","title","description","completed","sort_order") VALUES('pGQUTWNP4ze3G1ejhQ5Um','WrW68EqW0gJWb27xmBX2H','maintenance','อัพเดทปลั๊กอิน','อัพเดทปลั๊กอินทั้งหมดให้เป็นเวอร์ชันล่าสุด',1,0);
INSERT INTO "report_tasks" ("id","report_id","category","title","description","completed","sort_order") VALUES('2zmkMGDfYBXKEYgPuSNeF','WrW68EqW0gJWb27xmBX2H','maintenance','อัพเดทธีม','อัพเดทธีมให้เป็นเวอร์ชันล่าสุด',1,1);
INSERT INTO "report_tasks" ("id","report_id","category","title","description","completed","sort_order") VALUES('E2B3BO7mAEmGyvhaMjG6M','WrW68EqW0gJWb27xmBX2H','maintenance','ตรวจสอบการทำงานปกติของเว็บไซต์','ตรวจสอบหน้าหลัก ฟอร์ม และระบบต่างๆ',1,2);
INSERT INTO "report_tasks" ("id","report_id","category","title","description","completed","sort_order") VALUES('zZqJqytsqQO0GE9KoQdn1','WrW68EqW0gJWb27xmBX2H','maintenance','Backup website','สำรองข้อมูลเว็บไซต์และฐานข้อมูล',1,3);
INSERT INTO "report_tasks" ("id","report_id","category","title","description","completed","sort_order") VALUES('RYH71jZiLJtp85lZHLVvz','WrW68EqW0gJWb27xmBX2H','maintenance','อัพเดท WordPress Core','อัพเดท WordPress ให้เป็นเวอร์ชันล่าสุด',1,4);
INSERT INTO "report_tasks" ("id","report_id","category","title","description","completed","sort_order") VALUES('D8b9I30oWXLVd77bkmpPH','G8JxurxwYMaUpdCKUwnRv','maintenance','อัพเดทปลั๊กอิน','อัพเดทปลั๊กอินทั้งหมดให้เป็นเวอร์ชันล่าสุด',1,0);
INSERT INTO "report_tasks" ("id","report_id","category","title","description","completed","sort_order") VALUES('A1pqt4m3DR8MZtwdyCoFE','G8JxurxwYMaUpdCKUwnRv','maintenance','อัพเดทธีม','อัพเดทธีมให้เป็นเวอร์ชันล่าสุด',1,1);
INSERT INTO "report_tasks" ("id","report_id","category","title","description","completed","sort_order") VALUES('XzQfBKJHFeTGKtB7z3qvw','G8JxurxwYMaUpdCKUwnRv','maintenance','ตรวจสอบการทำงานปกติของเว็บไซต์','ตรวจสอบหน้าหลัก ฟอร์ม และระบบต่างๆ',1,2);
INSERT INTO "report_tasks" ("id","report_id","category","title","description","completed","sort_order") VALUES('irz9pn89sAeVL8hkp7MZX','G8JxurxwYMaUpdCKUwnRv','maintenance','Backup website','สำรองข้อมูลเว็บไซต์และฐานข้อมูล',1,3);
INSERT INTO "report_tasks" ("id","report_id","category","title","description","completed","sort_order") VALUES('HbzZ4iHwAfxQ2GcM2F0Tm','G8JxurxwYMaUpdCKUwnRv','maintenance','อัพเดท WordPress Core','อัพเดท WordPress ให้เป็นเวอร์ชันล่าสุด',1,4);
INSERT INTO "report_tasks" ("id","report_id","category","title","description","completed","sort_order") VALUES('t7RrQQL7kikd0iAAGQ7xF','G8JxurxwYMaUpdCKUwnRv','security','อัพเดท PHP Version','7.4 -> 8.3',1,5);
INSERT INTO "report_tasks" ("id","report_id","category","title","description","completed","sort_order") VALUES('MCe3oAOD3PdeH1DDOBGQD','qkQRPHPW1AXOri2vLOGrM','maintenance','อัพเดทปลั๊กอิน','อัพเดทปลั๊กอินทั้งหมดให้เป็นเวอร์ชันล่าสุด',1,0);
INSERT INTO "report_tasks" ("id","report_id","category","title","description","completed","sort_order") VALUES('9pWWDe1B64Oj71far1vne','qkQRPHPW1AXOri2vLOGrM','maintenance','อัพเดทธีม','อัพเดทธีมให้เป็นเวอร์ชันล่าสุด',1,1);
INSERT INTO "report_tasks" ("id","report_id","category","title","description","completed","sort_order") VALUES('OEHIEWBRFNiskOku8V5SK','qkQRPHPW1AXOri2vLOGrM','maintenance','ตรวจสอบการทำงานปกติของเว็บไซต์','ตรวจสอบหน้าหลัก ฟอร์ม และระบบต่างๆ',1,2);
INSERT INTO "report_tasks" ("id","report_id","category","title","description","completed","sort_order") VALUES('sWgi2LcZexvjx8q0JVpQa','qkQRPHPW1AXOri2vLOGrM','maintenance','Backup website','สำรองข้อมูลเว็บไซต์และฐานข้อมูล',1,3);
INSERT INTO "report_tasks" ("id","report_id","category","title","description","completed","sort_order") VALUES('dRzpw9steepBx8xqnx8hd','qkQRPHPW1AXOri2vLOGrM','maintenance','อัพเดท WordPress Core','อัพเดท WordPress ให้เป็นเวอร์ชันล่าสุด',1,4);
INSERT INTO "report_tasks" ("id","report_id","category","title","description","completed","sort_order") VALUES('PcZKTHDclH2ZOyWz99l32','qkQRPHPW1AXOri2vLOGrM','other','Support','ตอบคำถามข้อสงสัย และช่วยแก้ปัญหาเคสที่เกิดปัญหา',1,5);
CREATE TABLE monthly_reports (
  id TEXT PRIMARY KEY,
  client_id TEXT NOT NULL REFERENCES clients(id) ON DELETE CASCADE,
  year INTEGER NOT NULL,
  month INTEGER NOT NULL CHECK(month BETWEEN 1 AND 12),
  title TEXT NOT NULL,
  summary TEXT,
  uptime_percent REAL,
  speed_score INTEGER,
  total_tasks INTEGER DEFAULT 0,
  status TEXT NOT NULL CHECK(status IN ('draft', 'published')) DEFAULT 'draft',
  published_at INTEGER,
  created_at INTEGER NOT NULL DEFAULT (unixepoch()), client_notification_html TEXT, client_notification_subject TEXT, client_notified_at INTEGER,
  UNIQUE(client_id, year, month)
);
INSERT INTO "monthly_reports" ("id","client_id","year","month","title","summary","uptime_percent","speed_score","total_tasks","status","published_at","created_at","client_notification_html","client_notification_subject","client_notified_at") VALUES('PcJxNtC6yLg9WtLNvToVf','E7SCPxIznNrjuLiIuzsOE',2026,3,'รายงานประจำเดือน มีนาคม 2569','',100,NULL,3,'published',1774773156,1774773153,replace('<!DOCTYPE html>\n<html lang="th">\n<head>\n  <meta charset="UTF-8" />\n  <meta name="viewport" content="width=device-width, initial-scale=1.0" />\n  <title>รายงานประจำเดือน มีนาคม 2569 พร้อมแล้ว — บริษัท ดู แอคชั่น จำกัด</title>\n</head>\n<body style="margin:0;padding:0;background-color:#f1f5f9;font-family:system-ui,-apple-system,''Segoe UI'',Roboto,sans-serif;">\n  <table role="presentation" width="100%" cellspacing="0" cellpadding="0" style="background-color:#f1f5f9;padding:32px 16px;">\n    <tr>\n      <td align="center">\n        <table role="presentation" width="100%" cellspacing="0" cellpadding="0" style="max-width:560px;background:#ffffff;border-radius:16px;overflow:hidden;box-shadow:0 4px 24px rgba(15,23,42,0.08);">\n          <tr>\n            <td style="height:4px;background:linear-gradient(90deg,#F0D800,#EAB308);"></td>\n          </tr>\n          <tr>\n            <td style="padding:28px 28px 8px;">\n              <p style="margin:0;font-size:12px;font-weight:600;letter-spacing:0.06em;text-transform:uppercase;color:#64748b;">DoAction · Client Portal</p>\n              <h1 style="margin:12px 0 0;font-size:22px;line-height:1.3;color:#0f172a;">รายงานประจำเดือนพร้อมแล้ว</h1>\n              <p style="margin:12px 0 0;font-size:15px;line-height:1.6;color:#475569;">\n                สวัสดีคุณ <strong style="color:#0f172a;">Watcharapon Charoenwongjongdee</strong><br />\n                <strong style="color:#0f172a;">บริษัท ดู แอคชั่น จำกัด</strong>\n              </p>\n              <p style="margin:16px 0 0;font-size:15px;line-height:1.6;color:#475569;">\n                รายงาน <strong style="color:#0f172a;">รายงานประจำเดือน มีนาคม 2569</strong>\n                สำหรับ <strong style="color:#0f172a;">มีนาคม 2569</strong> ได้เผยแพร่ใน Portal แล้ว\n              </p>\n              \n            </td>\n          </tr>\n          <tr>\n            <td style="padding:8px 28px 28px;">\n              <table role="presentation" cellspacing="0" cellpadding="0" style="margin-top:8px;">\n                <tr>\n                  <td style="border-radius:10px;background:#0f172a;">\n                    <a href="https://portal.doaction.co.th/reports/PcJxNtC6yLg9WtLNvToVf" target="_blank" rel="noopener noreferrer"\n                      style="display:inline-block;padding:14px 28px;font-size:15px;font-weight:600;color:#ffffff;text-decoration:none;">\n                      เปิดรายงานใน Portal\n                    </a>\n                  </td>\n                </tr>\n              </table>\n              <p style="margin:20px 0 0;font-size:13px;line-height:1.5;color:#94a3b8;">\n                หากปุ่มไม่ทำงาน คัดลอกลิงก์นี้ไปวางในเบราว์เซอร์:<br />\n                <span style="word-break:break-all;color:#64748b;">https://portal.doaction.co.th/reports/PcJxNtC6yLg9WtLNvToVf</span>\n              </p>\n            </td>\n          </tr>\n          <tr>\n            <td style="padding:16px 28px 24px;border-top:1px solid #e2e8f0;background:#fafafa;">\n              <p style="margin:0;font-size:12px;color:#94a3b8;line-height:1.5;">\n                อีเมลนี้ส่งจาก do action portal แจ้งเตือนรายงานประจำเดือน<br />\n                หากมีคำถาม ติดต่อทีม DoAction ได้ตามช่องทางที่คุณคุ้นเคย\n              </p>\n            </td>\n          </tr>\n        </table>\n      </td>\n    </tr>\n  </table>\n</body>\n</html>','\n',char(10)),'รายงานประจำเดือน มีนาคม 2569 พร้อมแล้ว — บริษัท ดู แอคชั่น จำกัด',1774803654);
INSERT INTO "monthly_reports" ("id","client_id","year","month","title","summary","uptime_percent","speed_score","total_tasks","status","published_at","created_at","client_notification_html","client_notification_subject","client_notified_at") VALUES('WrW68EqW0gJWb27xmBX2H','zVu3PQANg0b5RohnxWvpU',2026,4,'รายงานประจำเดือน เมษายน 2569','',99.99,NULL,5,'published',1775136894,1775136894,replace('<!DOCTYPE html>\n<html>\n<head>\n  <meta charset="UTF-8" />\n  <meta name="viewport" content="width=device-width, initial-scale=1.0" />\n  <title>รายงานประจำเดือน เมษายน 2569 พร้อมแล้ว — บริษัท โคโนมิ พลัส จำกัด</title>\n</head>\n<body style="margin:0;padding:0;background-color:#f1f5f9;font-family:system-ui,-apple-system,''Segoe UI'',Roboto,sans-serif;">\n  <table role="presentation" width="100%" cellspacing="0" cellpadding="0" style="background-color:#f1f5f9;padding:32px 16px;">\n    <tr>\n      <td align="center">\n        <table role="presentation" width="100%" cellspacing="0" cellpadding="0" style="max-width:560px;background:#ffffff;border-radius:16px;overflow:hidden;box-shadow:0 4px 24px rgba(15,23,42,0.08);">\n          <tr>\n            <td style="height:4px;background:linear-gradient(90deg,#F0D800,#EAB308);"></td>\n          </tr>\n          <tr>\n            <td style="padding:28px 28px 8px;">\n              <p style="margin:0;font-size:12px;font-weight:600;letter-spacing:0.06em;text-transform:uppercase;color:#64748b;">do action · Client Portal</p>\n              <h1 style="margin:12px 0 0;font-size:22px;line-height:1.3;color:#0f172a;">รายงานประจำเดือนพร้อมแล้ว</h1>\n              <p style="margin:12px 0 0;font-size:15px;line-height:1.6;color:#475569;">\n                สวัสดีคุณ <strong style="color:#0f172a;">คุณท๊อป</strong><br /><strong style="color:#0f172a;">บริษัท โคโนมิ พลัส จำกัด</strong>\n              </p>\n              <p style="margin:16px 0 0;font-size:15px;line-height:1.6;color:#475569;">\n                รายงาน <strong style="color:#0f172a;">รายงานประจำเดือน เมษายน 2569</strong> สำหรับ <strong style="color:#0f172a;">เมษายน 2569</strong> ได้เผยแพร่ใน Portal แล้ว\n              </p>\n              \n            </td>\n          </tr>\n          <tr>\n            <td style="padding:8px 28px 28px;">\n              <table role="presentation" cellspacing="0" cellpadding="0" style="margin-top:8px;">\n                <tr>\n                  <td style="border-radius:10px;background:#0f172a;">\n                    <a href="https://portal.doaction.co.th/public/report/WrW68EqW0gJWb27xmBX2H?t=eyJyZXBvcnRJZCI6IldyVzY4RXFXMGdKV2IyN3htQlgySCIsImVtYWlsIjoic2F0aGlyYXQxMjhAZ21haWwuY29tIiwiZXhwIjoxNzc2MzQ2NTEwfQ.WRpzyVCPuPJXbillgjEozW_fa3e3x4rqf8US44Oe_yM" target="_blank" rel="noopener noreferrer"\n                      style="display:inline-block;padding:14px 28px;font-size:15px;font-weight:600;color:#ffffff;text-decoration:none;">\n                      เปิดรายงานใน Portal\n                    </a>\n                  </td>\n                </tr>\n              </table>\n              <p style="margin:20px 0 0;font-size:13px;line-height:1.5;color:#94a3b8;">\n                หากปุ่มไม่ทำงาน คัดลอกลิงก์นี้ไปวางในเบราว์เซอร์:<br />\n                <span style="word-break:break-all;color:#64748b;">https://portal.doaction.co.th/public/report/WrW68EqW0gJWb27xmBX2H?t=eyJyZXBvcnRJZCI6IldyVzY4RXFXMGdKV2IyN3htQlgySCIsImVtYWlsIjoic2F0aGlyYXQxMjhAZ21haWwuY29tIiwiZXhwIjoxNzc2MzQ2NTEwfQ.WRpzyVCPuPJXbillgjEozW_fa3e3x4rqf8US44Oe_yM</span>\n              </p>\n            </td>\n          </tr>\n          <tr>\n            <td style="padding:16px 28px 24px;border-top:1px solid #e2e8f0;background:#fafafa;">\n              <p style="margin:0;font-size:12px;color:#94a3b8;line-height:1.5;">\n                อีเมลนี้ส่งจาก do action portal แจ้งเตือนรายงานประจำเดือน<br />หากมีคำถาม ติดต่อทีม do action ได้ตามช่องทางที่คุณคุ้นเคย\n              </p>\n            </td>\n          </tr>\n        </table>\n      </td>\n    </tr>\n  </table>\n</body>\n</html>','\n',char(10)),'รายงานประจำเดือน เมษายน 2569 พร้อมแล้ว — บริษัท โคโนมิ พลัส จำกัด',1775136912);
INSERT INTO "monthly_reports" ("id","client_id","year","month","title","summary","uptime_percent","speed_score","total_tasks","status","published_at","created_at","client_notification_html","client_notification_subject","client_notified_at") VALUES('qkQRPHPW1AXOri2vLOGrM','GdRMkEsCCXroIEOsNTA1I',2026,4,'รายงานประจำเดือน เมษายน 2569','',99.98,NULL,6,'published',1775140846,1775140847,replace('<!DOCTYPE html>\n<html>\n<head>\n  <meta charset="UTF-8" />\n  <meta name="viewport" content="width=device-width, initial-scale=1.0" />\n  <title>รายงานประจำเดือน เมษายน 2569 พร้อมแล้ว — บริษัท เอมมูโน กรุ๊ป จำกัด</title>\n</head>\n<body style="margin:0;padding:0;background-color:#f1f5f9;font-family:system-ui,-apple-system,''Segoe UI'',Roboto,sans-serif;">\n  <table role="presentation" width="100%" cellspacing="0" cellpadding="0" style="background-color:#f1f5f9;padding:32px 16px;">\n    <tr>\n      <td align="center">\n        <table role="presentation" width="100%" cellspacing="0" cellpadding="0" style="max-width:560px;background:#ffffff;border-radius:16px;overflow:hidden;box-shadow:0 4px 24px rgba(15,23,42,0.08);">\n          <tr>\n            <td style="height:4px;background:linear-gradient(90deg,#F0D800,#EAB308);"></td>\n          </tr>\n          <tr>\n            <td style="padding:28px 28px 8px;">\n              <p style="margin:0;font-size:12px;font-weight:600;letter-spacing:0.06em;text-transform:uppercase;color:#64748b;">do action · Client Portal</p>\n              <h1 style="margin:12px 0 0;font-size:22px;line-height:1.3;color:#0f172a;">รายงานประจำเดือนพร้อมแล้ว</h1>\n              <p style="margin:12px 0 0;font-size:15px;line-height:1.6;color:#475569;">\n                สวัสดีคุณ <strong style="color:#0f172a;">คุณแม่น้องเอม</strong><br /><strong style="color:#0f172a;">บริษัท เอมมูโน กรุ๊ป จำกัด</strong>\n              </p>\n              <p style="margin:16px 0 0;font-size:15px;line-height:1.6;color:#475569;">\n                รายงาน <strong style="color:#0f172a;">รายงานประจำเดือน เมษายน 2569</strong> สำหรับ <strong style="color:#0f172a;">เมษายน 2569</strong> ได้เผยแพร่ใน Portal แล้ว\n              </p>\n              \n            </td>\n          </tr>\n          <tr>\n            <td style="padding:8px 28px 28px;">\n              <table role="presentation" cellspacing="0" cellpadding="0" style="margin-top:8px;">\n                <tr>\n                  <td style="border-radius:10px;background:#0f172a;">\n                    <a href="https://portal.doaction.co.th/public/report/qkQRPHPW1AXOri2vLOGrM?t=eyJyZXBvcnRJZCI6InFrUVJQSFBXMUFYT3JpMnZMT0dyTSIsImVtYWlsIjoibnVjaGFscGhhQGdtYWlsLmNvbSIsImV4cCI6MTc3NjM1MDQ0OH0.bhj_PTj_R77inUYuCRcOMHj9Sa2LfBgvASr58AC-ez4" target="_blank" rel="noopener noreferrer"\n                      style="display:inline-block;padding:14px 28px;font-size:15px;font-weight:600;color:#ffffff;text-decoration:none;">\n                      เปิดรายงานใน Portal\n                    </a>\n                  </td>\n                </tr>\n              </table>\n              <p style="margin:20px 0 0;font-size:13px;line-height:1.5;color:#94a3b8;">\n                หากปุ่มไม่ทำงาน คัดลอกลิงก์นี้ไปวางในเบราว์เซอร์:<br />\n                <span style="word-break:break-all;color:#64748b;">https://portal.doaction.co.th/public/report/qkQRPHPW1AXOri2vLOGrM?t=eyJyZXBvcnRJZCI6InFrUVJQSFBXMUFYT3JpMnZMT0dyTSIsImVtYWlsIjoibnVjaGFscGhhQGdtYWlsLmNvbSIsImV4cCI6MTc3NjM1MDQ0OH0.bhj_PTj_R77inUYuCRcOMHj9Sa2LfBgvASr58AC-ez4</span>\n              </p>\n            </td>\n          </tr>\n          <tr>\n            <td style="padding:16px 28px 24px;border-top:1px solid #e2e8f0;background:#fafafa;">\n              <p style="margin:0;font-size:12px;color:#94a3b8;line-height:1.5;">\n                อีเมลนี้ส่งจาก do action portal แจ้งเตือนรายงานประจำเดือน<br />หากมีคำถาม ติดต่อทีม do action ได้ตามช่องทางที่คุณคุ้นเคย\n              </p>\n            </td>\n          </tr>\n        </table>\n      </td>\n    </tr>\n  </table>\n</body>\n</html>','\n',char(10)),'รายงานประจำเดือน เมษายน 2569 พร้อมแล้ว — บริษัท เอมมูโน กรุ๊ป จำกัด',1775140848);
INSERT INTO "monthly_reports" ("id","client_id","year","month","title","summary","uptime_percent","speed_score","total_tasks","status","published_at","created_at","client_notification_html","client_notification_subject","client_notified_at") VALUES('G8JxurxwYMaUpdCKUwnRv','LXysLaLXCVIJ3DxzlMuoH',2026,4,'รายงานประจำเดือน เมษายน 2569','',99.93,NULL,6,'published',1775186913,1775186913,replace('<!DOCTYPE html>\n<html>\n<head>\n  <meta charset="UTF-8" />\n  <meta name="viewport" content="width=device-width, initial-scale=1.0" />\n  <title>รายงานประจำเดือน เมษายน 2569 พร้อมแล้ว — บริษัท สำนักพิมพ์ห้องเรียน จำกัด</title>\n</head>\n<body style="margin:0;padding:0;background-color:#f1f5f9;font-family:system-ui,-apple-system,''Segoe UI'',Roboto,sans-serif;">\n  <table role="presentation" width="100%" cellspacing="0" cellpadding="0" style="background-color:#f1f5f9;padding:32px 16px;">\n    <tr>\n      <td align="center">\n        <table role="presentation" width="100%" cellspacing="0" cellpadding="0" style="max-width:560px;background:#ffffff;border-radius:16px;overflow:hidden;box-shadow:0 4px 24px rgba(15,23,42,0.08);">\n          <tr>\n            <td style="height:4px;background:linear-gradient(90deg,#F0D800,#EAB308);"></td>\n          </tr>\n          <tr>\n            <td style="padding:28px 28px 8px;">\n              <p style="margin:0;font-size:12px;font-weight:600;letter-spacing:0.06em;text-transform:uppercase;color:#64748b;">do action · Client Portal</p>\n              <h1 style="margin:12px 0 0;font-size:22px;line-height:1.3;color:#0f172a;">รายงานประจำเดือนพร้อมแล้ว</h1>\n              <p style="margin:12px 0 0;font-size:15px;line-height:1.6;color:#475569;">\n                สวัสดีคุณ <strong style="color:#0f172a;">K. Siwaroj</strong><br /><strong style="color:#0f172a;">บริษัท สำนักพิมพ์ห้องเรียน จำกัด</strong>\n              </p>\n              <p style="margin:16px 0 0;font-size:15px;line-height:1.6;color:#475569;">\n                รายงาน <strong style="color:#0f172a;">รายงานประจำเดือน เมษายน 2569</strong> สำหรับ <strong style="color:#0f172a;">เมษายน 2569</strong> ได้เผยแพร่ใน Portal แล้ว\n              </p>\n              \n            </td>\n          </tr>\n          <tr>\n            <td style="padding:8px 28px 28px;">\n              <table role="presentation" cellspacing="0" cellpadding="0" style="margin-top:8px;">\n                <tr>\n                  <td style="border-radius:10px;background:#0f172a;">\n                    <a href="https://portal.doaction.co.th/public/report/G8JxurxwYMaUpdCKUwnRv?t=eyJyZXBvcnRJZCI6Ikc4Snh1cnh3WU1hVXBkQ0tVd25SdiIsImVtYWlsIjoiY2xhc3NwdWJsaXNoaW5nLnRoYWlsYW5kQGdtYWlsLmNvbSIsImV4cCI6MTc3NjM5NjUxNX0.ptsshcOSmJC7qOTjfCFe8s8U0ble-_lWpmZt8aRF9Zk" target="_blank" rel="noopener noreferrer"\n                      style="display:inline-block;padding:14px 28px;font-size:15px;font-weight:600;color:#ffffff;text-decoration:none;">\n                      เปิดรายงานใน Portal\n                    </a>\n                  </td>\n                </tr>\n              </table>\n              <p style="margin:20px 0 0;font-size:13px;line-height:1.5;color:#94a3b8;">\n                หากปุ่มไม่ทำงาน คัดลอกลิงก์นี้ไปวางในเบราว์เซอร์:<br />\n                <span style="word-break:break-all;color:#64748b;">https://portal.doaction.co.th/public/report/G8JxurxwYMaUpdCKUwnRv?t=eyJyZXBvcnRJZCI6Ikc4Snh1cnh3WU1hVXBkQ0tVd25SdiIsImVtYWlsIjoiY2xhc3NwdWJsaXNoaW5nLnRoYWlsYW5kQGdtYWlsLmNvbSIsImV4cCI6MTc3NjM5NjUxNX0.ptsshcOSmJC7qOTjfCFe8s8U0ble-_lWpmZt8aRF9Zk</span>\n              </p>\n            </td>\n          </tr>\n          <tr>\n            <td style="padding:16px 28px 24px;border-top:1px solid #e2e8f0;background:#fafafa;">\n              <p style="margin:0;font-size:12px;color:#94a3b8;line-height:1.5;">\n                อีเมลนี้ส่งจาก do action portal แจ้งเตือนรายงานประจำเดือน<br />หากมีคำถาม ติดต่อทีม do action ได้ตามช่องทางที่คุณคุ้นเคย\n              </p>\n            </td>\n          </tr>\n        </table>\n      </td>\n    </tr>\n  </table>\n</body>\n</html>','\n',char(10)),'รายงานประจำเดือน เมษายน 2569 พร้อมแล้ว — บริษัท สำนักพิมพ์ห้องเรียน จำกัด',1775186915);
CREATE TABLE clients (
  id TEXT PRIMARY KEY,
  user_id TEXT NOT NULL REFERENCES users(id) ON DELETE CASCADE,
  company_name TEXT NOT NULL,
  website_url TEXT,
  package TEXT NOT NULL CHECK(package IN ('basic', 'standard', 'premium')),
  contract_start DATE,
  contract_end DATE,
  notes TEXT,
  created_at INTEGER NOT NULL DEFAULT (unixepoch())
, deleted_at INTEGER);
INSERT INTO "clients" ("id","user_id","company_name","website_url","package","contract_start","contract_end","notes","created_at","deleted_at") VALUES('E7SCPxIznNrjuLiIuzsOE','1HujYTjuPYBNoWgyxe4zz','บริษัท ดู แอคชั่น จำกัด','https://doaction.co.th','standard','2026-03-26',NULL,NULL,1774497813,NULL);
INSERT INTO "clients" ("id","user_id","company_name","website_url","package","contract_start","contract_end","notes","created_at","deleted_at") VALUES('zVu3PQANg0b5RohnxWvpU','oB0NEtJfsYIURDk7Nehmt','บริษัท โคโนมิ พลัส จำกัด','https://conomi.co/','standard','2024-04-30',NULL,NULL,1775135446,NULL);
INSERT INTO "clients" ("id","user_id","company_name","website_url","package","contract_start","contract_end","notes","created_at","deleted_at") VALUES('GdRMkEsCCXroIEOsNTA1I','JcEQubZpm4Ojb3H6sId8N','บริษัท เอมมูโน กรุ๊ป จำกัด','https://aimmunoplus.com/','standard','2024-08-18',NULL,NULL,1775140740,NULL);
INSERT INTO "clients" ("id","user_id","company_name","website_url","package","contract_start","contract_end","notes","created_at","deleted_at") VALUES('LXysLaLXCVIJ3DxzlMuoH','eJvBarNGtP2hPZJWMDVHq','บริษัท สำนักพิมพ์ห้องเรียน จำกัด','https://www.classpublishing.com/','standard','2020-12-25',NULL,NULL,1775184108,NULL);
CREATE TABLE magic_link_tokens (
  id TEXT PRIMARY KEY,
  user_id TEXT NOT NULL REFERENCES users(id) ON DELETE CASCADE,
  token TEXT NOT NULL UNIQUE,
  expires_at INTEGER NOT NULL,
  used INTEGER NOT NULL DEFAULT 0
);
INSERT INTO "magic_link_tokens" ("id","user_id","token","expires_at","used") VALUES('B7dHNS3CEqUdIBUsfDjWW','1HujYTjuPYBNoWgyxe4zz','SFvfXy0LKkUNxo1j5AmEQ1DhcCatPPRGqkxS5dz29VxUanQD',1774498713,0);
INSERT INTO "magic_link_tokens" ("id","user_id","token","expires_at","used") VALUES('CNspXwDUBmHzlwetxD2qY','1HujYTjuPYBNoWgyxe4zz','F0GFR72qtvbDNBFgKCtSmluFZW12R2bXe3GlKWiNTqe0q3pr',1775135697,1);
INSERT INTO "magic_link_tokens" ("id","user_id","token","expires_at","used") VALUES('8WQBKFvaEnNgDqRq3Jbnw','oB0NEtJfsYIURDk7Nehmt','4gMGRhITuGxLdB8aQR3BFQWPuKd3T5zecX7O5cDlRtl1cWYA',1775136346,0);
INSERT INTO "magic_link_tokens" ("id","user_id","token","expires_at","used") VALUES('l4UcdZaW44TDxfqIC6oQs','oB0NEtJfsYIURDk7Nehmt','qMuXhensSp2Y07YYn5I3g0EbchgBMzdt64BKv8JVosx8fsyy',1775137086,0);
INSERT INTO "magic_link_tokens" ("id","user_id","token","expires_at","used") VALUES('wCoD9KDcQBVEPefBD1F5v','oB0NEtJfsYIURDk7Nehmt','CnHiTmL4rXnih6loW16jZntraDEc6AIxgCIHlkOH5pys0jHj',1775137703,1);
INSERT INTO "magic_link_tokens" ("id","user_id","token","expires_at","used") VALUES('iQKdb0nLkfyASSKAcIYHD','JcEQubZpm4Ojb3H6sId8N','Pcy6Y17DtaJemw7gxS9GYqpqFBqZODd5eJrkgXl1BMbEKGtY',1775141640,0);
INSERT INTO "magic_link_tokens" ("id","user_id","token","expires_at","used") VALUES('6zPuz91BGgkhTKqYrfQdh','eJvBarNGtP2hPZJWMDVHq','md5xmPvJF5O3cByPAlLLokrEDeoRJEsDZcrfQcFoKC9CFcsy',1775185009,0);
CREATE TABLE sessions (
  id TEXT PRIMARY KEY,
  user_id TEXT NOT NULL REFERENCES users(id) ON DELETE CASCADE,
  expires_at INTEGER NOT NULL
);
CREATE TABLE users (
  id TEXT PRIMARY KEY,
  email TEXT NOT NULL UNIQUE,
  name TEXT NOT NULL,
  role TEXT NOT NULL CHECK(role IN ('admin', 'client')),
  avatar_url TEXT,
  created_at INTEGER NOT NULL DEFAULT (unixepoch()),
  updated_at INTEGER NOT NULL DEFAULT (unixepoch())
, language TEXT NOT NULL DEFAULT 'th' CHECK(language IN ('th', 'en')), first_login_at INTEGER);
INSERT INTO "users" ("id","email","name","role","avatar_url","created_at","updated_at","language","first_login_at") VALUES('mifi8w89e7x7auir4j8kyld7','aum@doaction.co.th','aum','admin',NULL,1774461477,1774973667,'th',NULL);
INSERT INTO "users" ("id","email","name","role","avatar_url","created_at","updated_at","language","first_login_at") VALUES('1HujYTjuPYBNoWgyxe4zz','mraumkub@gmail.com','Watcharapon Charoenwongjongdee','client',NULL,1774497813,1775134813,'th',1775134813);
INSERT INTO "users" ("id","email","name","role","avatar_url","created_at","updated_at","language","first_login_at") VALUES('oB0NEtJfsYIURDk7Nehmt','sathirat128@gmail.com','คุณท๊อป','client',NULL,1775135445,1775136848,'th',1775136848);
INSERT INTO "users" ("id","email","name","role","avatar_url","created_at","updated_at","language","first_login_at") VALUES('JcEQubZpm4Ojb3H6sId8N','nuchalpha@gmail.com','คุณแม่น้องเอม','client',NULL,1775140740,1775140740,'th',NULL);
INSERT INTO "users" ("id","email","name","role","avatar_url","created_at","updated_at","language","first_login_at") VALUES('eJvBarNGtP2hPZJWMDVHq','classpublishing.thailand@gmail.com','K. Siwaroj','client',NULL,1775184108,1775184108,'th',NULL);
CREATE TABLE app_settings (
  key TEXT PRIMARY KEY,
  value TEXT NOT NULL,
  updated_at INTEGER NOT NULL DEFAULT (unixepoch())
);
INSERT INTO "app_settings" ("key","value","updated_at") VALUES('telegram_bot_token','8789807947:AAGpJIwWYcQLnOc6XfkkeT1UChLHsUA_Uns',1774935816);
INSERT INTO "app_settings" ("key","value","updated_at") VALUES('contract_warning_first_days','30',1775144323);
INSERT INTO "app_settings" ("key","value","updated_at") VALUES('contract_warning_second_days','15',1775144323);
INSERT INTO "app_settings" ("key","value","updated_at") VALUES('contract_warning_third_days','1',1775144323);
INSERT INTO "app_settings" ("key","value","updated_at") VALUES('ticket_reminder_enabled','1',1775144330);
INSERT INTO "app_settings" ("key","value","updated_at") VALUES('ticket_reminder_days','2',1775144330);
INSERT INTO "app_settings" ("key","value","updated_at") VALUES('ticket_reminder_hour','13',1775144330);
CREATE TABLE ticket_attachments (
  id TEXT PRIMARY KEY,
  ticket_id TEXT NOT NULL REFERENCES support_tickets(id) ON DELETE CASCADE,
  message_id TEXT NOT NULL REFERENCES ticket_messages(id) ON DELETE CASCADE,
  uploader_user_id TEXT NOT NULL REFERENCES users(id),
  file_key TEXT NOT NULL UNIQUE,
  file_name TEXT NOT NULL,
  mime_type TEXT NOT NULL,
  size_bytes INTEGER NOT NULL,
  created_at INTEGER NOT NULL DEFAULT (unixepoch())
);
INSERT INTO "ticket_attachments" ("id","ticket_id","message_id","uploader_user_id","file_key","file_name","mime_type","size_bytes","created_at") VALUES('o4doTDjYQ48e3H3E72b1q','AQf4RKH6TyrEktiVlBMQG','Ml985h7FojUUHN50ijyxp','mifi8w89e7x7auir4j8kyld7','ticket_AQf4RKH6TyrEktiVlBMQG_Ph7jPpc5f5fnBzIaxAzhzxm5','31_DO ACTION CO.,LTD.pdf','application/pdf',279766,1774971346);
CREATE TABLE email_logs (
  id TEXT PRIMARY KEY,
  to_email TEXT NOT NULL,
  to_name TEXT,
  subject TEXT NOT NULL,
  html_body TEXT NOT NULL,
  text_body TEXT NOT NULL,
  source TEXT,
  status TEXT NOT NULL CHECK(status IN ('sent', 'failed')) DEFAULT 'sent',
  error_message TEXT,
  created_at INTEGER NOT NULL DEFAULT (unixepoch())
);
INSERT INTO "email_logs" ("id","to_email","to_name","subject","html_body","text_body","source","status","error_message","created_at") VALUES('1qkp6AbMYVHZR2Irx7QEX','mraumkub@gmail.com','Watcharapon Charoenwongjongdee','มีข้อความใหม่ใน Ticket: ทดสอบ',replace('<!doctype html><html><body style="font-family:system-ui,sans-serif;color:#0f172a;">\n    <p style="margin:0 0 14px;">\n    <img src="https://portal.doaction.co.th/logo-dark.svg" alt="DoAction" width="140" style="display:block;height:auto;border:0;outline:none;text-decoration:none;" />\n  </p>\n    <p>สวัสดีคุณ Watcharapon Charoenwongjongdee</p>\n    <p>มีข้อความใหม่ใน Ticket: ทดสอบ</p>\n    <blockquote style="margin:12px 0;padding:12px;border-left:3px solid #cbd5e1;background:#f8fafc;">มาแล้วครับ</blockquote>\n    <p><a href="https://portal.doaction.co.th/tickets/AQf4RKH6TyrEktiVlBMQG">เปิด Ticket ในระบบ</a></p>\n    <p style="color:#64748b;">— DoAction</p>\n  </body></html>','\n',char(10)),replace('สวัสดีคุณ Watcharapon Charoenwongjongdee\n\nมีข้อความใหม่ใน Ticket: ทดสอบ\n\nมาแล้วครับ\n\nเปิด Ticket ในระบบ: https://portal.doaction.co.th/tickets/AQf4RKH6TyrEktiVlBMQG\n\n— DoAction','\n',char(10)),'ticket_reply_to_client','sent',NULL,1775043280);
INSERT INTO "email_logs" ("id","to_email","to_name","subject","html_body","text_body","source","status","error_message","created_at") VALUES('K02QzxmL625oHNP31FBXr','mraumkub@gmail.com','Watcharapon Charoenwongjongdee','ลิ้งก์เข้าสู่ระบบ do action portal',replace('<!DOCTYPE html>\n<html>\n<head>\n  <meta charset="UTF-8" />\n  <meta name="viewport" content="width=device-width, initial-scale=1.0" />\n  <title>เข้าสู่ระบบ do action portal</title>\n</head>\n<body style="margin:0;padding:0;background:#f8fafc;font-family:''Inter'',ui-sans-serif,system-ui,sans-serif;">\n  <table width="100%" cellpadding="0" cellspacing="0" style="background:#f8fafc;padding:40px 16px;">\n    <tr>\n      <td align="center">\n        <table width="600" cellpadding="0" cellspacing="0" style="background:#ffffff;border-radius:12px;overflow:hidden;box-shadow:0 1px 3px rgba(0,0,0,.08);">\n\n          <!-- Header gradient bar -->\n          <tr>\n            <td style="background:linear-gradient(135deg,#1e293b 0%,#4c1d95 100%);height:6px;"></td>\n          </tr>\n\n          <!-- Logo row -->\n          <tr>\n            <td style="padding:32px 40px 0;">\n              <table cellpadding="0" cellspacing="0">\n                <tr>\n                  <td style="background:#f0d800;border-radius:8px;width:32px;height:32px;text-align:center;vertical-align:middle;">\n                    <span style="font-weight:700;font-size:14px;color:#0f172a;">D</span>\n                  </td>\n                  <td style="padding-left:10px;vertical-align:middle;">\n                    <span style="font-size:20px;font-weight:700;color:#0f172a;letter-spacing:-0.3px;">do action</span>\n                    <span style="font-size:13px;color:#64748b;margin-left:6px;">Client Portal</span>\n                  </td>\n                </tr>\n              </table>\n            </td>\n          </tr>\n\n          <!-- Body -->\n          <tr>\n            <td style="padding:32px 40px;">\n              <p style="margin:0 0 8px;font-size:22px;font-weight:600;color:#0f172a;">\n                สวัสดีคุณ Watcharapon Charoenwongjongdee\n              </p>\n              <p style="margin:0 0 28px;font-size:14px;color:#475569;line-height:1.7;">\n                ทีม do action ได้รับคำขอเข้าสู่ระบบจากอีเมลของคุณ<br>คลิกปุ่มด้านล่างเพื่อเข้าสู่ระบบ Client Portal\n              </p>\n\n              <!-- CTA Button -->\n              <table cellpadding="0" cellspacing="0" style="margin-bottom:28px;">\n                <tr>\n                  <td style="border-radius:8px;background:#7c3aed;">\n                    <a href="https://portal.doaction.co.th/magic-link?token=F0GFR72qtvbDNBFgKCtSmluFZW12R2bXe3GlKWiNTqe0q3pr"\n                       style="display:inline-block;padding:14px 32px;font-size:15px;font-weight:600;color:#ffffff;text-decoration:none;border-radius:8px;letter-spacing:0.1px;">\n                      เข้าสู่ระบบ &rarr;\n                    </a>\n                  </td>\n                </tr>\n              </table>\n\n              <!-- Fallback URL -->\n              <p style="margin:0 0 4px;font-size:12px;color:#94a3b8;">\n                หากปุ่มด้านบนไม่ทำงาน ให้คัดลอก URL นี้ไปวางในเบราว์เซอร์:\n              </p>\n              <p style="margin:0;font-size:12px;word-break:break-all;">\n                <a href="https://portal.doaction.co.th/magic-link?token=F0GFR72qtvbDNBFgKCtSmluFZW12R2bXe3GlKWiNTqe0q3pr" style="color:#7c3aed;">https://portal.doaction.co.th/magic-link?token=F0GFR72qtvbDNBFgKCtSmluFZW12R2bXe3GlKWiNTqe0q3pr</a>\n              </p>\n            </td>\n          </tr>\n\n          <!-- Divider -->\n          <tr>\n            <td style="padding:0 40px;">\n              <hr style="border:none;border-top:1px solid #e2e8f0;margin:0;" />\n            </td>\n          </tr>\n\n          <!-- Footer -->\n          <tr>\n            <td style="padding:24px 40px 32px;">\n              <p style="margin:0 0 4px;font-size:12px;color:#94a3b8;">\n                ⏱ ลิ้งก์นี้จะหมดอายุใน <strong style="color:#64748b;">15 นาที</strong>\n              </p>\n              <p style="margin:0;font-size:12px;color:#94a3b8;">\n                หากคุณไม่ได้ขอลิ้งก์นี้ กรุณาเพิกเฉยต่ออีเมลฉบับนี้\n              </p>\n              <p style="margin:16px 0 0;font-size:12px;color:#cbd5e1;">\n                do action Co., Ltd. &nbsp;|&nbsp; aum@doaction.co.th\n              </p>\n            </td>\n          </tr>\n\n        </table>\n      </td>\n    </tr>\n  </table>\n</body>\n</html>','\n',char(10)),replace('สวัสดีคุณ Watcharapon Charoenwongjongdee\n\nคลิกลิ้งก์ด้านล่างเพื่อเข้าสู่ระบบ (หมดอายุใน 15 นาที)\n\nhttps://portal.doaction.co.th/magic-link?token=F0GFR72qtvbDNBFgKCtSmluFZW12R2bXe3GlKWiNTqe0q3pr\n\nหากคุณไม่ได้ขอลิ้งก์นี้ กรุณาเพิกเฉย\n\n— ทีม do action','\n',char(10)),'admin_send_magic_link','sent',NULL,1775134802);
INSERT INTO "email_logs" ("id","to_email","to_name","subject","html_body","text_body","source","status","error_message","created_at") VALUES('plwWU0sWIziiVOVKBcdge','sathirat@conomiplus.co','คุณท๊อป','ลิ้งก์เข้าสู่ระบบ do action portal',replace('<!DOCTYPE html>\n<html>\n<head>\n  <meta charset="UTF-8" />\n  <meta name="viewport" content="width=device-width, initial-scale=1.0" />\n  <title>เข้าสู่ระบบ do action portal</title>\n</head>\n<body style="margin:0;padding:0;background:#f8fafc;font-family:''Inter'',ui-sans-serif,system-ui,sans-serif;">\n  <table width="100%" cellpadding="0" cellspacing="0" style="background:#f8fafc;padding:40px 16px;">\n    <tr>\n      <td align="center">\n        <table width="600" cellpadding="0" cellspacing="0" style="background:#ffffff;border-radius:12px;overflow:hidden;box-shadow:0 1px 3px rgba(0,0,0,.08);">\n\n          <!-- Header gradient bar -->\n          <tr>\n            <td style="background:linear-gradient(135deg,#1e293b 0%,#4c1d95 100%);height:6px;"></td>\n          </tr>\n\n          <!-- Logo row -->\n          <tr>\n            <td style="padding:32px 40px 0;">\n              <table cellpadding="0" cellspacing="0">\n                <tr>\n                  <td style="background:#f0d800;border-radius:8px;width:32px;height:32px;text-align:center;vertical-align:middle;">\n                    <span style="font-weight:700;font-size:14px;color:#0f172a;">D</span>\n                  </td>\n                  <td style="padding-left:10px;vertical-align:middle;">\n                    <span style="font-size:20px;font-weight:700;color:#0f172a;letter-spacing:-0.3px;">do action</span>\n                    <span style="font-size:13px;color:#64748b;margin-left:6px;">Client Portal</span>\n                  </td>\n                </tr>\n              </table>\n            </td>\n          </tr>\n\n          <!-- Body -->\n          <tr>\n            <td style="padding:32px 40px;">\n              <p style="margin:0 0 8px;font-size:22px;font-weight:600;color:#0f172a;">\n                สวัสดีคุณ คุณท๊อป\n              </p>\n              <p style="margin:0 0 28px;font-size:14px;color:#475569;line-height:1.7;">\n                ทีม do action ได้รับคำขอเข้าสู่ระบบจากอีเมลของคุณ<br>คลิกปุ่มด้านล่างเพื่อเข้าสู่ระบบ Client Portal\n              </p>\n\n              <!-- CTA Button -->\n              <table cellpadding="0" cellspacing="0" style="margin-bottom:28px;">\n                <tr>\n                  <td style="border-radius:8px;background:#7c3aed;">\n                    <a href="https://portal.doaction.co.th/magic-link?token=4gMGRhITuGxLdB8aQR3BFQWPuKd3T5zecX7O5cDlRtl1cWYA"\n                       style="display:inline-block;padding:14px 32px;font-size:15px;font-weight:600;color:#ffffff;text-decoration:none;border-radius:8px;letter-spacing:0.1px;">\n                      เข้าสู่ระบบ &rarr;\n                    </a>\n                  </td>\n                </tr>\n              </table>\n\n              <!-- Fallback URL -->\n              <p style="margin:0 0 4px;font-size:12px;color:#94a3b8;">\n                หากปุ่มด้านบนไม่ทำงาน ให้คัดลอก URL นี้ไปวางในเบราว์เซอร์:\n              </p>\n              <p style="margin:0;font-size:12px;word-break:break-all;">\n                <a href="https://portal.doaction.co.th/magic-link?token=4gMGRhITuGxLdB8aQR3BFQWPuKd3T5zecX7O5cDlRtl1cWYA" style="color:#7c3aed;">https://portal.doaction.co.th/magic-link?token=4gMGRhITuGxLdB8aQR3BFQWPuKd3T5zecX7O5cDlRtl1cWYA</a>\n              </p>\n            </td>\n          </tr>\n\n          <!-- Divider -->\n          <tr>\n            <td style="padding:0 40px;">\n              <hr style="border:none;border-top:1px solid #e2e8f0;margin:0;" />\n            </td>\n          </tr>\n\n          <!-- Footer -->\n          <tr>\n            <td style="padding:24px 40px 32px;">\n              <p style="margin:0 0 4px;font-size:12px;color:#94a3b8;">\n                ⏱ ลิ้งก์นี้จะหมดอายุใน <strong style="color:#64748b;">15 นาที</strong>\n              </p>\n              <p style="margin:0;font-size:12px;color:#94a3b8;">\n                หากคุณไม่ได้ขอลิ้งก์นี้ กรุณาเพิกเฉยต่ออีเมลฉบับนี้\n              </p>\n              <p style="margin:16px 0 0;font-size:12px;color:#cbd5e1;">\n                do action Co., Ltd. &nbsp;|&nbsp; aum@doaction.co.th\n              </p>\n            </td>\n          </tr>\n\n        </table>\n      </td>\n    </tr>\n  </table>\n</body>\n</html>','\n',char(10)),replace('สวัสดีคุณ คุณท๊อป\n\nคลิกลิ้งก์ด้านล่างเพื่อเข้าสู่ระบบ (หมดอายุใน 15 นาที)\n\nhttps://portal.doaction.co.th/magic-link?token=4gMGRhITuGxLdB8aQR3BFQWPuKd3T5zecX7O5cDlRtl1cWYA\n\nหากคุณไม่ได้ขอลิ้งก์นี้ กรุณาเพิกเฉย\n\n— ทีม do action','\n',char(10)),'admin_client_invite','sent',NULL,1775135449);
INSERT INTO "email_logs" ("id","to_email","to_name","subject","html_body","text_body","source","status","error_message","created_at") VALUES('zhOpoAVNLWmY0eN1YiSSh','sathirat@conomiplus.co','คุณท๊อป','ลิ้งก์เข้าสู่ระบบ do action portal',replace('<!DOCTYPE html>\n<html>\n<head>\n  <meta charset="UTF-8" />\n  <meta name="viewport" content="width=device-width, initial-scale=1.0" />\n  <title>เข้าสู่ระบบ do action portal</title>\n</head>\n<body style="margin:0;padding:0;background:#f8fafc;font-family:''Inter'',ui-sans-serif,system-ui,sans-serif;">\n  <table width="100%" cellpadding="0" cellspacing="0" style="background:#f8fafc;padding:40px 16px;">\n    <tr>\n      <td align="center">\n        <table width="600" cellpadding="0" cellspacing="0" style="background:#ffffff;border-radius:12px;overflow:hidden;box-shadow:0 1px 3px rgba(0,0,0,.08);">\n\n          <!-- Header gradient bar -->\n          <tr>\n            <td style="background:linear-gradient(135deg,#1e293b 0%,#4c1d95 100%);height:6px;"></td>\n          </tr>\n\n          <!-- Logo row -->\n          <tr>\n            <td style="padding:32px 40px 0;">\n              <table cellpadding="0" cellspacing="0">\n                <tr>\n                  <td style="background:#f0d800;border-radius:8px;width:32px;height:32px;text-align:center;vertical-align:middle;">\n                    <span style="font-weight:700;font-size:14px;color:#0f172a;">D</span>\n                  </td>\n                  <td style="padding-left:10px;vertical-align:middle;">\n                    <span style="font-size:20px;font-weight:700;color:#0f172a;letter-spacing:-0.3px;">do action</span>\n                    <span style="font-size:13px;color:#64748b;margin-left:6px;">Client Portal</span>\n                  </td>\n                </tr>\n              </table>\n            </td>\n          </tr>\n\n          <!-- Body -->\n          <tr>\n            <td style="padding:32px 40px;">\n              <p style="margin:0 0 8px;font-size:22px;font-weight:600;color:#0f172a;">\n                สวัสดีคุณ คุณท๊อป\n              </p>\n              <p style="margin:0 0 28px;font-size:14px;color:#475569;line-height:1.7;">\n                ทีม do action ได้รับคำขอเข้าสู่ระบบจากอีเมลของคุณ<br>คลิกปุ่มด้านล่างเพื่อเข้าสู่ระบบ Client Portal\n              </p>\n\n              <!-- CTA Button -->\n              <table cellpadding="0" cellspacing="0" style="margin-bottom:28px;">\n                <tr>\n                  <td style="border-radius:8px;background:#7c3aed;">\n                    <a href="https://portal.doaction.co.th/magic-link?token=qMuXhensSp2Y07YYn5I3g0EbchgBMzdt64BKv8JVosx8fsyy"\n                       style="display:inline-block;padding:14px 32px;font-size:15px;font-weight:600;color:#ffffff;text-decoration:none;border-radius:8px;letter-spacing:0.1px;">\n                      เข้าสู่ระบบ &rarr;\n                    </a>\n                  </td>\n                </tr>\n              </table>\n\n              <!-- Fallback URL -->\n              <p style="margin:0 0 4px;font-size:12px;color:#94a3b8;">\n                หากปุ่มด้านบนไม่ทำงาน ให้คัดลอก URL นี้ไปวางในเบราว์เซอร์:\n              </p>\n              <p style="margin:0;font-size:12px;word-break:break-all;">\n                <a href="https://portal.doaction.co.th/magic-link?token=qMuXhensSp2Y07YYn5I3g0EbchgBMzdt64BKv8JVosx8fsyy" style="color:#7c3aed;">https://portal.doaction.co.th/magic-link?token=qMuXhensSp2Y07YYn5I3g0EbchgBMzdt64BKv8JVosx8fsyy</a>\n              </p>\n            </td>\n          </tr>\n\n          <!-- Divider -->\n          <tr>\n            <td style="padding:0 40px;">\n              <hr style="border:none;border-top:1px solid #e2e8f0;margin:0;" />\n            </td>\n          </tr>\n\n          <!-- Footer -->\n          <tr>\n            <td style="padding:24px 40px 32px;">\n              <p style="margin:0 0 4px;font-size:12px;color:#94a3b8;">\n                ⏱ ลิ้งก์นี้จะหมดอายุใน <strong style="color:#64748b;">15 นาที</strong>\n              </p>\n              <p style="margin:0;font-size:12px;color:#94a3b8;">\n                หากคุณไม่ได้ขอลิ้งก์นี้ กรุณาเพิกเฉยต่ออีเมลฉบับนี้\n              </p>\n              <p style="margin:16px 0 0;font-size:12px;color:#cbd5e1;">\n                do action Co., Ltd. &nbsp;|&nbsp; aum@doaction.co.th\n              </p>\n            </td>\n          </tr>\n\n        </table>\n      </td>\n    </tr>\n  </table>\n</body>\n</html>','\n',char(10)),replace('สวัสดีคุณ คุณท๊อป\n\nคลิกลิ้งก์ด้านล่างเพื่อเข้าสู่ระบบ (หมดอายุใน 15 นาที)\n\nhttps://portal.doaction.co.th/magic-link?token=qMuXhensSp2Y07YYn5I3g0EbchgBMzdt64BKv8JVosx8fsyy\n\nหากคุณไม่ได้ขอลิ้งก์นี้ กรุณาเพิกเฉย\n\n— ทีม do action','\n',char(10)),'admin_send_magic_link','sent',NULL,1775136190);
INSERT INTO "email_logs" ("id","to_email","to_name","subject","html_body","text_body","source","status","error_message","created_at") VALUES('zGnkuLqXSS8FrT2Lt0YRZ','sathirat128@gmail.com','คุณท๊อป','ลิ้งก์เข้าสู่ระบบ do action portal',replace('<!DOCTYPE html>\n<html>\n<head>\n  <meta charset="UTF-8" />\n  <meta name="viewport" content="width=device-width, initial-scale=1.0" />\n  <title>เข้าสู่ระบบ do action portal</title>\n</head>\n<body style="margin:0;padding:0;background:#f8fafc;font-family:''Inter'',ui-sans-serif,system-ui,sans-serif;">\n  <table width="100%" cellpadding="0" cellspacing="0" style="background:#f8fafc;padding:40px 16px;">\n    <tr>\n      <td align="center">\n        <table width="600" cellpadding="0" cellspacing="0" style="background:#ffffff;border-radius:12px;overflow:hidden;box-shadow:0 1px 3px rgba(0,0,0,.08);">\n\n          <!-- Header gradient bar -->\n          <tr>\n            <td style="background:linear-gradient(135deg,#1e293b 0%,#4c1d95 100%);height:6px;"></td>\n          </tr>\n\n          <!-- Logo row -->\n          <tr>\n            <td style="padding:32px 40px 0;">\n              <table cellpadding="0" cellspacing="0">\n                <tr>\n                  <td style="background:#f0d800;border-radius:8px;width:32px;height:32px;text-align:center;vertical-align:middle;">\n                    <span style="font-weight:700;font-size:14px;color:#0f172a;">D</span>\n                  </td>\n                  <td style="padding-left:10px;vertical-align:middle;">\n                    <span style="font-size:20px;font-weight:700;color:#0f172a;letter-spacing:-0.3px;">do action</span>\n                    <span style="font-size:13px;color:#64748b;margin-left:6px;">Client Portal</span>\n                  </td>\n                </tr>\n              </table>\n            </td>\n          </tr>\n\n          <!-- Body -->\n          <tr>\n            <td style="padding:32px 40px;">\n              <p style="margin:0 0 8px;font-size:22px;font-weight:600;color:#0f172a;">\n                สวัสดีคุณ คุณท๊อป\n              </p>\n              <p style="margin:0 0 28px;font-size:14px;color:#475569;line-height:1.7;">\n                ทีม do action ได้รับคำขอเข้าสู่ระบบจากอีเมลของคุณ<br>คลิกปุ่มด้านล่างเพื่อเข้าสู่ระบบ Client Portal\n              </p>\n\n              <!-- CTA Button -->\n              <table cellpadding="0" cellspacing="0" style="margin-bottom:28px;">\n                <tr>\n                  <td style="border-radius:8px;background:#7c3aed;">\n                    <a href="https://portal.doaction.co.th/magic-link?token=CnHiTmL4rXnih6loW16jZntraDEc6AIxgCIHlkOH5pys0jHj"\n                       style="display:inline-block;padding:14px 32px;font-size:15px;font-weight:600;color:#ffffff;text-decoration:none;border-radius:8px;letter-spacing:0.1px;">\n                      เข้าสู่ระบบ &rarr;\n                    </a>\n                  </td>\n                </tr>\n              </table>\n\n              <!-- Fallback URL -->\n              <p style="margin:0 0 4px;font-size:12px;color:#94a3b8;">\n                หากปุ่มด้านบนไม่ทำงาน ให้คัดลอก URL นี้ไปวางในเบราว์เซอร์:\n              </p>\n              <p style="margin:0;font-size:12px;word-break:break-all;">\n                <a href="https://portal.doaction.co.th/magic-link?token=CnHiTmL4rXnih6loW16jZntraDEc6AIxgCIHlkOH5pys0jHj" style="color:#7c3aed;">https://portal.doaction.co.th/magic-link?token=CnHiTmL4rXnih6loW16jZntraDEc6AIxgCIHlkOH5pys0jHj</a>\n              </p>\n            </td>\n          </tr>\n\n          <!-- Divider -->\n          <tr>\n            <td style="padding:0 40px;">\n              <hr style="border:none;border-top:1px solid #e2e8f0;margin:0;" />\n            </td>\n          </tr>\n\n          <!-- Footer -->\n          <tr>\n            <td style="padding:24px 40px 32px;">\n              <p style="margin:0 0 4px;font-size:12px;color:#94a3b8;">\n                ⏱ ลิ้งก์นี้จะหมดอายุใน <strong style="color:#64748b;">15 นาที</strong>\n              </p>\n              <p style="margin:0;font-size:12px;color:#94a3b8;">\n                หากคุณไม่ได้ขอลิ้งก์นี้ กรุณาเพิกเฉยต่ออีเมลฉบับนี้\n              </p>\n              <p style="margin:16px 0 0;font-size:12px;color:#cbd5e1;">\n                do action Co., Ltd. &nbsp;|&nbsp; aum@doaction.co.th\n              </p>\n            </td>\n          </tr>\n\n        </table>\n      </td>\n    </tr>\n  </table>\n</body>\n</html>','\n',char(10)),replace('สวัสดีคุณ คุณท๊อป\n\nคลิกลิ้งก์ด้านล่างเพื่อเข้าสู่ระบบ (หมดอายุใน 15 นาที)\n\nhttps://portal.doaction.co.th/magic-link?token=CnHiTmL4rXnih6loW16jZntraDEc6AIxgCIHlkOH5pys0jHj\n\nหากคุณไม่ได้ขอลิ้งก์นี้ กรุณาเพิกเฉย\n\n— ทีม do action','\n',char(10)),'admin_send_magic_link','sent',NULL,1775136806);
INSERT INTO "email_logs" ("id","to_email","to_name","subject","html_body","text_body","source","status","error_message","created_at") VALUES('lwiqHCEAnGjBZCNFfY2BF','sathirat128@gmail.com','คุณท๊อป','รายงานประจำเดือน เมษายน 2569 พร้อมแล้ว — บริษัท โคโนมิ พลัส จำกัด',replace('<!DOCTYPE html>\n<html>\n<head>\n  <meta charset="UTF-8" />\n  <meta name="viewport" content="width=device-width, initial-scale=1.0" />\n  <title>รายงานประจำเดือน เมษายน 2569 พร้อมแล้ว — บริษัท โคโนมิ พลัส จำกัด</title>\n</head>\n<body style="margin:0;padding:0;background-color:#f1f5f9;font-family:system-ui,-apple-system,''Segoe UI'',Roboto,sans-serif;">\n  <table role="presentation" width="100%" cellspacing="0" cellpadding="0" style="background-color:#f1f5f9;padding:32px 16px;">\n    <tr>\n      <td align="center">\n        <table role="presentation" width="100%" cellspacing="0" cellpadding="0" style="max-width:560px;background:#ffffff;border-radius:16px;overflow:hidden;box-shadow:0 4px 24px rgba(15,23,42,0.08);">\n          <tr>\n            <td style="height:4px;background:linear-gradient(90deg,#F0D800,#EAB308);"></td>\n          </tr>\n          <tr>\n            <td style="padding:28px 28px 8px;">\n              <p style="margin:0;font-size:12px;font-weight:600;letter-spacing:0.06em;text-transform:uppercase;color:#64748b;">do action · Client Portal</p>\n              <h1 style="margin:12px 0 0;font-size:22px;line-height:1.3;color:#0f172a;">รายงานประจำเดือนพร้อมแล้ว</h1>\n              <p style="margin:12px 0 0;font-size:15px;line-height:1.6;color:#475569;">\n                สวัสดีคุณ <strong style="color:#0f172a;">คุณท๊อป</strong><br /><strong style="color:#0f172a;">บริษัท โคโนมิ พลัส จำกัด</strong>\n              </p>\n              <p style="margin:16px 0 0;font-size:15px;line-height:1.6;color:#475569;">\n                รายงาน <strong style="color:#0f172a;">รายงานประจำเดือน เมษายน 2569</strong> สำหรับ <strong style="color:#0f172a;">เมษายน 2569</strong> ได้เผยแพร่ใน Portal แล้ว\n              </p>\n              \n            </td>\n          </tr>\n          <tr>\n            <td style="padding:8px 28px 28px;">\n              <table role="presentation" cellspacing="0" cellpadding="0" style="margin-top:8px;">\n                <tr>\n                  <td style="border-radius:10px;background:#0f172a;">\n                    <a href="https://portal.doaction.co.th/public/report/WrW68EqW0gJWb27xmBX2H?t=eyJyZXBvcnRJZCI6IldyVzY4RXFXMGdKV2IyN3htQlgySCIsImVtYWlsIjoic2F0aGlyYXQxMjhAZ21haWwuY29tIiwiZXhwIjoxNzc2MzQ2NTEwfQ.WRpzyVCPuPJXbillgjEozW_fa3e3x4rqf8US44Oe_yM" target="_blank" rel="noopener noreferrer"\n                      style="display:inline-block;padding:14px 28px;font-size:15px;font-weight:600;color:#ffffff;text-decoration:none;">\n                      เปิดรายงานใน Portal\n                    </a>\n                  </td>\n                </tr>\n              </table>\n              <p style="margin:20px 0 0;font-size:13px;line-height:1.5;color:#94a3b8;">\n                หากปุ่มไม่ทำงาน คัดลอกลิงก์นี้ไปวางในเบราว์เซอร์:<br />\n                <span style="word-break:break-all;color:#64748b;">https://portal.doaction.co.th/public/report/WrW68EqW0gJWb27xmBX2H?t=eyJyZXBvcnRJZCI6IldyVzY4RXFXMGdKV2IyN3htQlgySCIsImVtYWlsIjoic2F0aGlyYXQxMjhAZ21haWwuY29tIiwiZXhwIjoxNzc2MzQ2NTEwfQ.WRpzyVCPuPJXbillgjEozW_fa3e3x4rqf8US44Oe_yM</span>\n              </p>\n            </td>\n          </tr>\n          <tr>\n            <td style="padding:16px 28px 24px;border-top:1px solid #e2e8f0;background:#fafafa;">\n              <p style="margin:0;font-size:12px;color:#94a3b8;line-height:1.5;">\n                อีเมลนี้ส่งจาก do action portal แจ้งเตือนรายงานประจำเดือน<br />หากมีคำถาม ติดต่อทีม do action ได้ตามช่องทางที่คุณคุ้นเคย\n              </p>\n            </td>\n          </tr>\n        </table>\n      </td>\n    </tr>\n  </table>\n</body>\n</html>','\n',char(10)),replace('สวัสดีคุณ คุณท๊อป (บริษัท โคโนมิ พลัส จำกัด)\nรายงาน "รายงานประจำเดือน เมษายน 2569" สำหรับ เมษายน 2569 พร้อมแล้วใน do action portal\nเปิดรายงานใน Portal: https://portal.doaction.co.th/public/report/WrW68EqW0gJWb27xmBX2H?t=eyJyZXBvcnRJZCI6IldyVzY4RXFXMGdKV2IyN3htQlgySCIsImVtYWlsIjoic2F0aGlyYXQxMjhAZ21haWwuY29tIiwiZXhwIjoxNzc2MzQ2NTEwfQ.WRpzyVCPuPJXbillgjEozW_fa3e3x4rqf8US44Oe_yM\n— do action','\n',char(10)),'report_notify','sent',NULL,1775136912);
INSERT INTO "email_logs" ("id","to_email","to_name","subject","html_body","text_body","source","status","error_message","created_at") VALUES('i45zw8N8sNvQwulJqgi3J','nuchalpha@gmail.com','คุณแม่น้องเอม','ลิ้งก์เข้าสู่ระบบ do action portal',replace('<!DOCTYPE html>\n<html>\n<head>\n  <meta charset="UTF-8" />\n  <meta name="viewport" content="width=device-width, initial-scale=1.0" />\n  <title>เข้าสู่ระบบ do action portal</title>\n</head>\n<body style="margin:0;padding:0;background:#f8fafc;font-family:''Inter'',ui-sans-serif,system-ui,sans-serif;">\n  <table width="100%" cellpadding="0" cellspacing="0" style="background:#f8fafc;padding:40px 16px;">\n    <tr>\n      <td align="center">\n        <table width="600" cellpadding="0" cellspacing="0" style="background:#ffffff;border-radius:12px;overflow:hidden;box-shadow:0 1px 3px rgba(0,0,0,.08);">\n\n          <!-- Header gradient bar -->\n          <tr>\n            <td style="background:linear-gradient(135deg,#1e293b 0%,#4c1d95 100%);height:6px;"></td>\n          </tr>\n\n          <!-- Logo row -->\n          <tr>\n            <td style="padding:32px 40px 0;">\n              <table cellpadding="0" cellspacing="0">\n                <tr>\n                  <td style="background:#f0d800;border-radius:8px;width:32px;height:32px;text-align:center;vertical-align:middle;">\n                    <span style="font-weight:700;font-size:14px;color:#0f172a;">D</span>\n                  </td>\n                  <td style="padding-left:10px;vertical-align:middle;">\n                    <span style="font-size:20px;font-weight:700;color:#0f172a;letter-spacing:-0.3px;">do action</span>\n                    <span style="font-size:13px;color:#64748b;margin-left:6px;">Client Portal</span>\n                  </td>\n                </tr>\n              </table>\n            </td>\n          </tr>\n\n          <!-- Body -->\n          <tr>\n            <td style="padding:32px 40px;">\n              <p style="margin:0 0 8px;font-size:22px;font-weight:600;color:#0f172a;">\n                สวัสดีคุณ คุณแม่น้องเอม\n              </p>\n              <p style="margin:0 0 28px;font-size:14px;color:#475569;line-height:1.7;">\n                ทีม do action ได้รับคำขอเข้าสู่ระบบจากอีเมลของคุณ<br>คลิกปุ่มด้านล่างเพื่อเข้าสู่ระบบ Client Portal\n              </p>\n\n              <!-- CTA Button -->\n              <table cellpadding="0" cellspacing="0" style="margin-bottom:28px;">\n                <tr>\n                  <td style="border-radius:8px;background:#7c3aed;">\n                    <a href="https://portal.doaction.co.th/magic-link?token=Pcy6Y17DtaJemw7gxS9GYqpqFBqZODd5eJrkgXl1BMbEKGtY"\n                       style="display:inline-block;padding:14px 32px;font-size:15px;font-weight:600;color:#ffffff;text-decoration:none;border-radius:8px;letter-spacing:0.1px;">\n                      เข้าสู่ระบบ &rarr;\n                    </a>\n                  </td>\n                </tr>\n              </table>\n\n              <!-- Fallback URL -->\n              <p style="margin:0 0 4px;font-size:12px;color:#94a3b8;">\n                หากปุ่มด้านบนไม่ทำงาน ให้คัดลอก URL นี้ไปวางในเบราว์เซอร์:\n              </p>\n              <p style="margin:0;font-size:12px;word-break:break-all;">\n                <a href="https://portal.doaction.co.th/magic-link?token=Pcy6Y17DtaJemw7gxS9GYqpqFBqZODd5eJrkgXl1BMbEKGtY" style="color:#7c3aed;">https://portal.doaction.co.th/magic-link?token=Pcy6Y17DtaJemw7gxS9GYqpqFBqZODd5eJrkgXl1BMbEKGtY</a>\n              </p>\n            </td>\n          </tr>\n\n          <!-- Divider -->\n          <tr>\n            <td style="padding:0 40px;">\n              <hr style="border:none;border-top:1px solid #e2e8f0;margin:0;" />\n            </td>\n          </tr>\n\n          <!-- Footer -->\n          <tr>\n            <td style="padding:24px 40px 32px;">\n              <p style="margin:0 0 4px;font-size:12px;color:#94a3b8;">\n                ⏱ ลิ้งก์นี้จะหมดอายุใน <strong style="color:#64748b;">15 นาที</strong>\n              </p>\n              <p style="margin:0;font-size:12px;color:#94a3b8;">\n                หากคุณไม่ได้ขอลิ้งก์นี้ กรุณาเพิกเฉยต่ออีเมลฉบับนี้\n              </p>\n              <p style="margin:16px 0 0;font-size:12px;color:#cbd5e1;">\n                do action Co., Ltd. &nbsp;|&nbsp; aum@doaction.co.th\n              </p>\n            </td>\n          </tr>\n\n        </table>\n      </td>\n    </tr>\n  </table>\n</body>\n</html>','\n',char(10)),replace('สวัสดีคุณ คุณแม่น้องเอม\n\nคลิกลิ้งก์ด้านล่างเพื่อเข้าสู่ระบบ (หมดอายุใน 15 นาที)\n\nhttps://portal.doaction.co.th/magic-link?token=Pcy6Y17DtaJemw7gxS9GYqpqFBqZODd5eJrkgXl1BMbEKGtY\n\nหากคุณไม่ได้ขอลิ้งก์นี้ กรุณาเพิกเฉย\n\n— ทีม do action','\n',char(10)),'admin_client_invite','sent',NULL,1775140743);
INSERT INTO "email_logs" ("id","to_email","to_name","subject","html_body","text_body","source","status","error_message","created_at") VALUES('wEiyG6m3XkDogCBj4hN07','nuchalpha@gmail.com','คุณแม่น้องเอม','รายงานประจำเดือน เมษายน 2569 พร้อมแล้ว — บริษัท เอมมูโน กรุ๊ป จำกัด',replace('<!DOCTYPE html>\n<html>\n<head>\n  <meta charset="UTF-8" />\n  <meta name="viewport" content="width=device-width, initial-scale=1.0" />\n  <title>รายงานประจำเดือน เมษายน 2569 พร้อมแล้ว — บริษัท เอมมูโน กรุ๊ป จำกัด</title>\n</head>\n<body style="margin:0;padding:0;background-color:#f1f5f9;font-family:system-ui,-apple-system,''Segoe UI'',Roboto,sans-serif;">\n  <table role="presentation" width="100%" cellspacing="0" cellpadding="0" style="background-color:#f1f5f9;padding:32px 16px;">\n    <tr>\n      <td align="center">\n        <table role="presentation" width="100%" cellspacing="0" cellpadding="0" style="max-width:560px;background:#ffffff;border-radius:16px;overflow:hidden;box-shadow:0 4px 24px rgba(15,23,42,0.08);">\n          <tr>\n            <td style="height:4px;background:linear-gradient(90deg,#F0D800,#EAB308);"></td>\n          </tr>\n          <tr>\n            <td style="padding:28px 28px 8px;">\n              <p style="margin:0;font-size:12px;font-weight:600;letter-spacing:0.06em;text-transform:uppercase;color:#64748b;">do action · Client Portal</p>\n              <h1 style="margin:12px 0 0;font-size:22px;line-height:1.3;color:#0f172a;">รายงานประจำเดือนพร้อมแล้ว</h1>\n              <p style="margin:12px 0 0;font-size:15px;line-height:1.6;color:#475569;">\n                สวัสดีคุณ <strong style="color:#0f172a;">คุณแม่น้องเอม</strong><br /><strong style="color:#0f172a;">บริษัท เอมมูโน กรุ๊ป จำกัด</strong>\n              </p>\n              <p style="margin:16px 0 0;font-size:15px;line-height:1.6;color:#475569;">\n                รายงาน <strong style="color:#0f172a;">รายงานประจำเดือน เมษายน 2569</strong> สำหรับ <strong style="color:#0f172a;">เมษายน 2569</strong> ได้เผยแพร่ใน Portal แล้ว\n              </p>\n              \n            </td>\n          </tr>\n          <tr>\n            <td style="padding:8px 28px 28px;">\n              <table role="presentation" cellspacing="0" cellpadding="0" style="margin-top:8px;">\n                <tr>\n                  <td style="border-radius:10px;background:#0f172a;">\n                    <a href="https://portal.doaction.co.th/public/report/qkQRPHPW1AXOri2vLOGrM?t=eyJyZXBvcnRJZCI6InFrUVJQSFBXMUFYT3JpMnZMT0dyTSIsImVtYWlsIjoibnVjaGFscGhhQGdtYWlsLmNvbSIsImV4cCI6MTc3NjM1MDQ0OH0.bhj_PTj_R77inUYuCRcOMHj9Sa2LfBgvASr58AC-ez4" target="_blank" rel="noopener noreferrer"\n                      style="display:inline-block;padding:14px 28px;font-size:15px;font-weight:600;color:#ffffff;text-decoration:none;">\n                      เปิดรายงานใน Portal\n                    </a>\n                  </td>\n                </tr>\n              </table>\n              <p style="margin:20px 0 0;font-size:13px;line-height:1.5;color:#94a3b8;">\n                หากปุ่มไม่ทำงาน คัดลอกลิงก์นี้ไปวางในเบราว์เซอร์:<br />\n                <span style="word-break:break-all;color:#64748b;">https://portal.doaction.co.th/public/report/qkQRPHPW1AXOri2vLOGrM?t=eyJyZXBvcnRJZCI6InFrUVJQSFBXMUFYT3JpMnZMT0dyTSIsImVtYWlsIjoibnVjaGFscGhhQGdtYWlsLmNvbSIsImV4cCI6MTc3NjM1MDQ0OH0.bhj_PTj_R77inUYuCRcOMHj9Sa2LfBgvASr58AC-ez4</span>\n              </p>\n            </td>\n          </tr>\n          <tr>\n            <td style="padding:16px 28px 24px;border-top:1px solid #e2e8f0;background:#fafafa;">\n              <p style="margin:0;font-size:12px;color:#94a3b8;line-height:1.5;">\n                อีเมลนี้ส่งจาก do action portal แจ้งเตือนรายงานประจำเดือน<br />หากมีคำถาม ติดต่อทีม do action ได้ตามช่องทางที่คุณคุ้นเคย\n              </p>\n            </td>\n          </tr>\n        </table>\n      </td>\n    </tr>\n  </table>\n</body>\n</html>','\n',char(10)),replace('สวัสดีคุณ คุณแม่น้องเอม (บริษัท เอมมูโน กรุ๊ป จำกัด)\nรายงาน "รายงานประจำเดือน เมษายน 2569" สำหรับ เมษายน 2569 พร้อมแล้วใน do action portal\nเปิดรายงานใน Portal: https://portal.doaction.co.th/public/report/qkQRPHPW1AXOri2vLOGrM?t=eyJyZXBvcnRJZCI6InFrUVJQSFBXMUFYT3JpMnZMT0dyTSIsImVtYWlsIjoibnVjaGFscGhhQGdtYWlsLmNvbSIsImV4cCI6MTc3NjM1MDQ0OH0.bhj_PTj_R77inUYuCRcOMHj9Sa2LfBgvASr58AC-ez4\n— do action','\n',char(10)),'report_notify','sent',NULL,1775140850);
INSERT INTO "email_logs" ("id","to_email","to_name","subject","html_body","text_body","source","status","error_message","created_at") VALUES('YGxUXBeHbDBntPFpVGIaG','mraumkub@gmail.com','Watcharapon Charoenwongjongdee','Ticket ถูกปิดแล้ว: ทดสอบ',replace('<!doctype html><html><body style="font-family:system-ui,sans-serif;color:#0f172a;">\n    <p style="margin:0 0 14px;">\n    <img src="https://portal.doaction.co.th/logo-dark.svg" alt="do action" width="140" style="display:block;height:auto;border:0;outline:none;text-decoration:none;" />\n  </p>\n    <p>สวัสดีคุณ Watcharapon Charoenwongjongdee</p>\n    <p>Ticket <strong>ทดสอบ</strong> ถูกปิดเรียบร้อยแล้ว</p>\n    <p>หากยังมีประเด็นเพิ่มเติม สามารถตอบกลับใน Ticket เดิมได้</p>\n    <p><a href="https://portal.doaction.co.th/tickets/AQf4RKH6TyrEktiVlBMQG">ดูรายละเอียด Ticket</a></p>\n    <p style="color:#64748b;">— do action</p>\n  </body></html>','\n',char(10)),replace('สวัสดีคุณ Watcharapon Charoenwongjongdee\n\nTicket "ทดสอบ" ถูกปิดเรียบร้อยแล้ว\nหากยังมีประเด็นเพิ่มเติม สามารถตอบกลับใน Ticket เดิมได้\n\nดูรายละเอียด Ticket: https://portal.doaction.co.th/tickets/AQf4RKH6TyrEktiVlBMQG\n\n— do action','\n',char(10)),'ticket_closed_to_client','sent',NULL,1775141386);
INSERT INTO "email_logs" ("id","to_email","to_name","subject","html_body","text_body","source","status","error_message","created_at") VALUES('odAAng4Jq048Shtf2DVIQ','classpublishing.thailand@gmail.com','K. Siwaroj','ลิ้งก์เข้าสู่ระบบ do action portal',replace('<!DOCTYPE html>\n<html>\n<head>\n  <meta charset="UTF-8" />\n  <meta name="viewport" content="width=device-width, initial-scale=1.0" />\n  <title>เข้าสู่ระบบ do action portal</title>\n</head>\n<body style="margin:0;padding:0;background:#f8fafc;font-family:''Inter'',ui-sans-serif,system-ui,sans-serif;">\n  <table width="100%" cellpadding="0" cellspacing="0" style="background:#f8fafc;padding:40px 16px;">\n    <tr>\n      <td align="center">\n        <table width="600" cellpadding="0" cellspacing="0" style="background:#ffffff;border-radius:12px;overflow:hidden;box-shadow:0 1px 3px rgba(0,0,0,.08);">\n\n          <!-- Header gradient bar -->\n          <tr>\n            <td style="background:linear-gradient(135deg,#1e293b 0%,#4c1d95 100%);height:6px;"></td>\n          </tr>\n\n          <!-- Logo row -->\n          <tr>\n            <td style="padding:32px 40px 0;">\n              <table cellpadding="0" cellspacing="0">\n                <tr>\n                  <td style="background:#f0d800;border-radius:8px;width:32px;height:32px;text-align:center;vertical-align:middle;">\n                    <span style="font-weight:700;font-size:14px;color:#0f172a;">D</span>\n                  </td>\n                  <td style="padding-left:10px;vertical-align:middle;">\n                    <span style="font-size:20px;font-weight:700;color:#0f172a;letter-spacing:-0.3px;">do action</span>\n                    <span style="font-size:13px;color:#64748b;margin-left:6px;">Client Portal</span>\n                  </td>\n                </tr>\n              </table>\n            </td>\n          </tr>\n\n          <!-- Body -->\n          <tr>\n            <td style="padding:32px 40px;">\n              <p style="margin:0 0 8px;font-size:22px;font-weight:600;color:#0f172a;">\n                สวัสดีคุณ K. Siwaroj\n              </p>\n              <p style="margin:0 0 28px;font-size:14px;color:#475569;line-height:1.7;">\n                ทีม do action ได้รับคำขอเข้าสู่ระบบจากอีเมลของคุณ<br>คลิกปุ่มด้านล่างเพื่อเข้าสู่ระบบ Client Portal\n              </p>\n\n              <!-- CTA Button -->\n              <table cellpadding="0" cellspacing="0" style="margin-bottom:28px;">\n                <tr>\n                  <td style="border-radius:8px;background:#7c3aed;">\n                    <a href="https://portal.doaction.co.th/magic-link?token=md5xmPvJF5O3cByPAlLLokrEDeoRJEsDZcrfQcFoKC9CFcsy"\n                       style="display:inline-block;padding:14px 32px;font-size:15px;font-weight:600;color:#ffffff;text-decoration:none;border-radius:8px;letter-spacing:0.1px;">\n                      เข้าสู่ระบบ &rarr;\n                    </a>\n                  </td>\n                </tr>\n              </table>\n\n              <!-- Fallback URL -->\n              <p style="margin:0 0 4px;font-size:12px;color:#94a3b8;">\n                หากปุ่มด้านบนไม่ทำงาน ให้คัดลอก URL นี้ไปวางในเบราว์เซอร์:\n              </p>\n              <p style="margin:0;font-size:12px;word-break:break-all;">\n                <a href="https://portal.doaction.co.th/magic-link?token=md5xmPvJF5O3cByPAlLLokrEDeoRJEsDZcrfQcFoKC9CFcsy" style="color:#7c3aed;">https://portal.doaction.co.th/magic-link?token=md5xmPvJF5O3cByPAlLLokrEDeoRJEsDZcrfQcFoKC9CFcsy</a>\n              </p>\n            </td>\n          </tr>\n\n          <!-- Divider -->\n          <tr>\n            <td style="padding:0 40px;">\n              <hr style="border:none;border-top:1px solid #e2e8f0;margin:0;" />\n            </td>\n          </tr>\n\n          <!-- Footer -->\n          <tr>\n            <td style="padding:24px 40px 32px;">\n              <p style="margin:0 0 4px;font-size:12px;color:#94a3b8;">\n                ⏱ ลิ้งก์นี้จะหมดอายุใน <strong style="color:#64748b;">15 นาที</strong>\n              </p>\n              <p style="margin:0;font-size:12px;color:#94a3b8;">\n                หากคุณไม่ได้ขอลิ้งก์นี้ กรุณาเพิกเฉยต่ออีเมลฉบับนี้\n              </p>\n              <p style="margin:16px 0 0;font-size:12px;color:#cbd5e1;">\n                do action Co., Ltd. &nbsp;|&nbsp; aum@doaction.co.th\n              </p>\n            </td>\n          </tr>\n\n        </table>\n      </td>\n    </tr>\n  </table>\n</body>\n</html>','\n',char(10)),replace('สวัสดีคุณ K. Siwaroj\n\nคลิกลิ้งก์ด้านล่างเพื่อเข้าสู่ระบบ (หมดอายุใน 15 นาที)\n\nhttps://portal.doaction.co.th/magic-link?token=md5xmPvJF5O3cByPAlLLokrEDeoRJEsDZcrfQcFoKC9CFcsy\n\nหากคุณไม่ได้ขอลิ้งก์นี้ กรุณาเพิกเฉย\n\n— ทีม do action','\n',char(10)),'admin_client_invite','sent',NULL,1775184111);
INSERT INTO "email_logs" ("id","to_email","to_name","subject","html_body","text_body","source","status","error_message","created_at") VALUES('RGRXySFLpE8P6H4xXtVkS','classpublishing.thailand@gmail.com','K. Siwaroj','รายงานประจำเดือน เมษายน 2569 พร้อมแล้ว — บริษัท สำนักพิมพ์ห้องเรียน จำกัด',replace('<!DOCTYPE html>\n<html>\n<head>\n  <meta charset="UTF-8" />\n  <meta name="viewport" content="width=device-width, initial-scale=1.0" />\n  <title>รายงานประจำเดือน เมษายน 2569 พร้อมแล้ว — บริษัท สำนักพิมพ์ห้องเรียน จำกัด</title>\n</head>\n<body style="margin:0;padding:0;background-color:#f1f5f9;font-family:system-ui,-apple-system,''Segoe UI'',Roboto,sans-serif;">\n  <table role="presentation" width="100%" cellspacing="0" cellpadding="0" style="background-color:#f1f5f9;padding:32px 16px;">\n    <tr>\n      <td align="center">\n        <table role="presentation" width="100%" cellspacing="0" cellpadding="0" style="max-width:560px;background:#ffffff;border-radius:16px;overflow:hidden;box-shadow:0 4px 24px rgba(15,23,42,0.08);">\n          <tr>\n            <td style="height:4px;background:linear-gradient(90deg,#F0D800,#EAB308);"></td>\n          </tr>\n          <tr>\n            <td style="padding:28px 28px 8px;">\n              <p style="margin:0;font-size:12px;font-weight:600;letter-spacing:0.06em;text-transform:uppercase;color:#64748b;">do action · Client Portal</p>\n              <h1 style="margin:12px 0 0;font-size:22px;line-height:1.3;color:#0f172a;">รายงานประจำเดือนพร้อมแล้ว</h1>\n              <p style="margin:12px 0 0;font-size:15px;line-height:1.6;color:#475569;">\n                สวัสดีคุณ <strong style="color:#0f172a;">K. Siwaroj</strong><br /><strong style="color:#0f172a;">บริษัท สำนักพิมพ์ห้องเรียน จำกัด</strong>\n              </p>\n              <p style="margin:16px 0 0;font-size:15px;line-height:1.6;color:#475569;">\n                รายงาน <strong style="color:#0f172a;">รายงานประจำเดือน เมษายน 2569</strong> สำหรับ <strong style="color:#0f172a;">เมษายน 2569</strong> ได้เผยแพร่ใน Portal แล้ว\n              </p>\n              \n            </td>\n          </tr>\n          <tr>\n            <td style="padding:8px 28px 28px;">\n              <table role="presentation" cellspacing="0" cellpadding="0" style="margin-top:8px;">\n                <tr>\n                  <td style="border-radius:10px;background:#0f172a;">\n                    <a href="https://portal.doaction.co.th/public/report/G8JxurxwYMaUpdCKUwnRv?t=eyJyZXBvcnRJZCI6Ikc4Snh1cnh3WU1hVXBkQ0tVd25SdiIsImVtYWlsIjoiY2xhc3NwdWJsaXNoaW5nLnRoYWlsYW5kQGdtYWlsLmNvbSIsImV4cCI6MTc3NjM5NjUxNX0.ptsshcOSmJC7qOTjfCFe8s8U0ble-_lWpmZt8aRF9Zk" target="_blank" rel="noopener noreferrer"\n                      style="display:inline-block;padding:14px 28px;font-size:15px;font-weight:600;color:#ffffff;text-decoration:none;">\n                      เปิดรายงานใน Portal\n                    </a>\n                  </td>\n                </tr>\n              </table>\n              <p style="margin:20px 0 0;font-size:13px;line-height:1.5;color:#94a3b8;">\n                หากปุ่มไม่ทำงาน คัดลอกลิงก์นี้ไปวางในเบราว์เซอร์:<br />\n                <span style="word-break:break-all;color:#64748b;">https://portal.doaction.co.th/public/report/G8JxurxwYMaUpdCKUwnRv?t=eyJyZXBvcnRJZCI6Ikc4Snh1cnh3WU1hVXBkQ0tVd25SdiIsImVtYWlsIjoiY2xhc3NwdWJsaXNoaW5nLnRoYWlsYW5kQGdtYWlsLmNvbSIsImV4cCI6MTc3NjM5NjUxNX0.ptsshcOSmJC7qOTjfCFe8s8U0ble-_lWpmZt8aRF9Zk</span>\n              </p>\n            </td>\n          </tr>\n          <tr>\n            <td style="padding:16px 28px 24px;border-top:1px solid #e2e8f0;background:#fafafa;">\n              <p style="margin:0;font-size:12px;color:#94a3b8;line-height:1.5;">\n                อีเมลนี้ส่งจาก do action portal แจ้งเตือนรายงานประจำเดือน<br />หากมีคำถาม ติดต่อทีม do action ได้ตามช่องทางที่คุณคุ้นเคย\n              </p>\n            </td>\n          </tr>\n        </table>\n      </td>\n    </tr>\n  </table>\n</body>\n</html>','\n',char(10)),replace('สวัสดีคุณ K. Siwaroj (บริษัท สำนักพิมพ์ห้องเรียน จำกัด)\nรายงาน "รายงานประจำเดือน เมษายน 2569" สำหรับ เมษายน 2569 พร้อมแล้วใน do action portal\nเปิดรายงานใน Portal: https://portal.doaction.co.th/public/report/G8JxurxwYMaUpdCKUwnRv?t=eyJyZXBvcnRJZCI6Ikc4Snh1cnh3WU1hVXBkQ0tVd25SdiIsImVtYWlsIjoiY2xhc3NwdWJsaXNoaW5nLnRoYWlsYW5kQGdtYWlsLmNvbSIsImV4cCI6MTc3NjM5NjUxNX0.ptsshcOSmJC7qOTjfCFe8s8U0ble-_lWpmZt8aRF9Zk\n— do action','\n',char(10)),'report_notify','sent',NULL,1775186917);
CREATE TABLE contract_warning_logs (
  id TEXT PRIMARY KEY,
  client_id TEXT NOT NULL REFERENCES clients(id) ON DELETE CASCADE,
  warning_stage TEXT NOT NULL CHECK(warning_stage IN ('first', 'second', 'third')),
  contract_end TEXT NOT NULL,
  sent_at INTEGER NOT NULL DEFAULT (unixepoch()),
  UNIQUE(client_id, warning_stage, contract_end)
);
CREATE INDEX idx_notifications_user_id ON notifications(user_id, read);
CREATE INDEX idx_ticket_messages_ticket_id ON ticket_messages(ticket_id);
CREATE INDEX idx_tickets_client_id ON support_tickets(client_id);
CREATE INDEX idx_reports_client_id ON monthly_reports(client_id);
CREATE INDEX idx_clients_user_id ON clients(user_id);
CREATE INDEX idx_ticket_attachments_ticket_id
  ON ticket_attachments(ticket_id, created_at);
CREATE INDEX idx_email_logs_created_at ON email_logs(created_at DESC);
CREATE INDEX idx_email_logs_to_email ON email_logs(to_email);
CREATE INDEX idx_contract_warning_logs_client ON contract_warning_logs(client_id);
CREATE INDEX idx_clients_deleted_at ON clients(deleted_at);
